,date,text,is_pinned,attachments,post_source,comments,likes,reposts,views,len_text,post_source_id,year,month,dayofweek,hour
0,2023-02-10 13:35:10,"| –ó–∞–≤—Ç—Ä–∞ —É—Ç—Ä–µ–Ω–Ω–∏–∫: –∏—Å—Ç–æ—Ä–∏—è —Ö—É–¥–æ–∂–Ω–∏—Ü—ã –í–∏–∫—Ç–æ—Ä–∏–∏ –ë–µ–ª–æ–∫–æ–±—ã–ª—å—Å–∫–æ–π | 
 
–ó–Ω–∞–∫–æ–º—å—Ç–µ—Å—å —Å –µ—â–µ –æ–¥–Ω–∏–º —É—á–∞—Å—Ç–Ω–∏–∫–æ–º –¥–µ–π—Å—Ç–≤—É—é—â–µ–π –≤—ã—Å—Ç–∞–≤–∫–∏ ¬´–ó–∏–º–Ω–∏–π —ç—Ç—é–¥¬ª –≤ [club166150|@centr].step‚Äì —Ö—É–¥–æ–∂–Ω–∏—Ü–µ–π –∏ –æ—Ä–≥–∞–Ω–∏–∑–∞—Ç–æ—Ä–æ–º –∞—Ä—Ç-—Ä–µ–∑–∏–¥–µ–Ω—Ü–∏–∏ –ø–æ–¥ –æ—Ç–∫—Ä—ã—Ç—ã–º –Ω–µ–±–æ–º –í–∏–∫—Ç–æ—Ä–∏–µ–π –ë–µ–ª–æ–∫–æ–±—ã–ª—å—Å–∫–æ–π. 
 
–î–µ–ª–∏–º—Å—è —Å –≤–∞–º–∏ –∏—Å—Ç–æ—Ä–∏–µ–π —Ç–≤–æ—Ä—á–µ—Å–∫–æ–≥–æ –ø—É—Ç–∏, –∏–Ω—Ç–µ—Ä–µ—Å–∞—Ö –∏ –∏—Å—Ç–æ—Ä–∏–∏ —Å–æ–∑–¥–∞–Ω–∏—è –∫–∞—Ä—Ç–∏–Ω —Ö—É–¥–æ–∂–Ω–∏—Ü–µ–π –≤ –Ω–æ–≤–æ–º reels. 
 
–°–º–æ—Ç—Ä–∏—Ç–µ –∏–Ω—Ç–µ—Ä–≤—å—é –∏ –ø—Ä–∏—Ö–æ–¥–∏—Ç–µ –Ω–∞ –≤—ã—Å—Ç–∞–≤–∫—É –∑–Ω–∞–∫–æ–º–∏—Ç—å—Å—è —Å —Ä–∞–±–æ—Ç–æ–π –í–∏–∫—Ç–æ—Ä–∏–∏ ""–ó–∞–≤—Ç—Ä–∞ —É—Ç—Ä–µ–Ω–Ω–∏–∫"" –∏ –Ω–∞—Å–ª–∞–¥–∏—Ç—å—Å—è —Ä–∞–±–æ—Ç–∞–º–∏ –¥—Ä—É–≥–∏—Ö –î–æ–Ω—Å–∫–∏—Ö –∞–≤—Ç–æ—Ä–æ–≤! ¬´–ó–∏–º–Ω–∏–π —ç—Ç—é–¥¬ª –±—É–¥–µ—Ç —Ä–∞–¥–æ–≤–∞—Ç—å –∏ –≤–¥–æ—Ö–Ω–æ–≤–ª—è—Ç—å –≥–æ—Å—Ç–µ–π –¥–æ 26 —Ñ–µ–≤—Ä–∞–ª—è. 
 
‚åõ–í—Ç-–í—Å: 12:00-20:00 
üéü–í—Ö–æ–¥ —Å–≤–æ–±–æ–¥–Ω—ã–π 
 
—É–ª. –ë–µ—Ä–µ–≥–æ–≤–∞—è, 12",0,1.0,vk,0,15,4,372,624,1,2023,2,4,13
1,2023-02-07 08:26:34,"–ö–∏–Ω–æ–ø–æ–∫–∞–∑ | –ë–µ—Å—Å–º–µ—Ç–Ω–∞—è –≤–æ–∑–ª—é–±–ª–µ–Ω–Ω–∞—è | 9 —Ñ–µ–≤—Ä–∞–ª—è 
 
–í –¶–µ–Ω—Ç—Ä–µ —Å–æ–≤—Ä–µ–º–µ–Ω–Ω–æ–π –∫—É–ª—å—Ç—É—Ä—ã ¬´–°—Ç–µ–ø—å¬ª —Ç–µ–ø–µ—Ä—å –º–æ–∂–Ω–æ —Å–º–æ—Ç—Ä–µ—Ç—å –∫–∏–Ω–æ ‚Äì –º–∏—Ä–æ–≤—ã–µ —à–µ–¥–µ–≤—Ä—ã —Ä—É—Å—Å–∫–æ–≥–æ –∏ –∑–∞—Ä—É–±–µ–∂–Ω–æ–≥–æ –∫–∏–Ω–µ–º–∞—Ç–æ–≥—Ä–∞—Ñ–∞üé¨ 
 
–ü–æ–∫–∞–∑—ã –±—É–¥—É—Ç –∏–¥—Ç–∏ –∫–∞–∂–¥—ã–π —á–µ—Ç–≤–µ—Ä–≥ –≤ 16:00 - —Å–æ–≤–µ—Ä—à–µ–Ω–Ω–æ –±–µ—Å–ø–ª–∞—Ç–Ω–æ. –ù–∞ –±–æ–ª—å—à–æ–º —ç–∫—Ä–∞–Ω–µ –≤ –æ–∫—Ä—É–∂–µ–Ω–∏–∏ –∫–∞—Ä—Ç–∏–Ω –∏ —Å–∫—É–ª—å–ø—Ç—É—Ä –¥–æ–Ω—Å–∫–∏—Ö –∞–≤—Ç–æ—Ä–æ–≤. 
 
–í —ç—Ç–æ—Ç —á–µ—Ç–≤–µ—Ä–≥ –º—ã –ø—Ä–∏–≥–ª–∞—à–∞–µ–º –≤–∞—Å –Ω–∞ –ø—Ä–æ—Å–º–æ—Ç—Ä –±–∏–æ–≥—Ä–∞—Ñ–∏—á–µ—Å–∫–æ–π –¥—Ä–∞–º—ã –æ –ª—é–±–≤–∏ –≤ –∂–∏–∑–Ω–∏ –õ—é–¥–≤–∏–≥–∞ –≤–∞–Ω –ë–µ—Ç—Ö–æ–≤–µ–Ω–∞ ¬´–ë–µ—Å—Å–º–µ—Ç–Ω–∞—è –≤–æ–∑–ª—é–±–ª–µ–Ω–Ω–∞—è¬ª. 
 
‚åõ9 —Ñ–µ–≤—Ä–∞–ª—è –≤ 16:00 
üéü–í—Ö–æ–¥ —Å–≤–æ–±–æ–¥–Ω—ã–π –ø–æ –ø—Ä–µ–¥–≤–∞—Ä–∏—Ç–µ–ª—å–Ω–æ–π —Ä–µ–≥–∏—Å—Ç—Ä–∞—Ü–∏–∏ –Ω–∞ —Å–∞–π—Ç–µ –ø–æ —Å—Å—ã–ª–∫–µ –≤ —à–∞–ø–∫–µ –ø—Ä–æ—Ñ–∏–ª—è. 
 
–¶–µ–Ω—Ç—Ä —Å–æ–≤—Ä–µ–º–µ–Ω–Ω–æ–π –∫—É–ª—å—Ç—É—Ä—ã ¬´–°—Ç–µ–ø—å¬ª 
—É–ª. –ë–µ—Ä–µ–≥–æ–≤–∞—è, 12",0,1.0,vk,4,12,1,316,602,1,2023,2,1,8
2,2023-02-06 11:46:43,"| –¶–∏–∫–ª –∞–≤—Ç–æ—Ä—Å–∫–∏—Ö –ª–µ–∫—Ü–∏–π –ö—Ä–∏—Å—Ç–∏–Ω—ã –°–∞—Å–æ–Ω–∫–æ (–≥. –°–∞–Ω–∫—Ç-–ü–µ—Ç–µ—Ä–±—É—Ä–≥) | 24 –∏ 25 —Ñ–µ–≤—Ä–∞–ª—è 
 
–°–ø–µ—Ü–∏–∞–ª—å–Ω–æ –ø–æ –ø—Ä–∏–≥–ª–∞—à–µ–Ω–∏—é –¶–µ–Ω—Ç—Ä–∞ —Å–æ–≤—Ä–µ–º–µ–Ω–Ω–æ–π –∫—É–ª—å—Ç—É—Ä—ã ¬´–°—Ç–µ–ø—å¬ª –≤ –†–æ—Å—Ç–æ–≤–µ-–Ω–∞-–î–æ–Ω—É —Å —Ü–∏–∫–ª–æ–º –ª–µ–∫—Ü–∏–π –≤—ã—Å—Ç—É–ø–∏—Ç –ö—Ä–∏—Å—Ç–∏–Ω–∞ –°–∞—Å–æ–Ω–∫–æ - —Å–æ–æ—Å–Ω–æ–≤–∞—Ç–µ–ª—å –ö—É–ª—å—Ç—É—Ä–Ω–æ–≥–æ —Ü–µ–Ω—Ç—Ä–∞ –∏ –≥–∞–ª–µ—Ä–µ–∏ Beriozka Gallery (–≥. –°–∞–Ω–∫—Ç-–ü–µ—Ç–µ—Ä–±—É—Ä–≥), –æ—Å–Ω–æ–≤–∞—Ç–µ–ª—å —Ñ–æ–Ω–¥–∞ ¬´–ù–æ–≤–æ–µ –∏—Å–∫—É—Å—Å—Ç–≤–æ–∑–Ω–∞–Ω–∏–µ¬ª, –¥–æ—Ü–µ–Ω—Ç –°–∞–Ω–∫—Ç-–ü–µ—Ç–µ—Ä–±—É—Ä–≥—Å–∫–æ–≥–æ –≥–æ—Å—É–¥–∞—Ä—Å—Ç–≤–µ–Ω–Ω–æ–≥–æ —É–Ω–∏–≤–µ—Ä—Å–∏—Ç–µ—Ç–∞ –ø—Ä–æ–º—ã—à–ª–µ–Ω–Ω—ã—Ö —Ç–µ—Ö–Ω–æ–ª–æ–≥–∏–π –∏ –¥–∏–∑–∞–π–Ω–∞, –∞ –µ—â–µ –∫—É—Ä–∞—Ç–æ—Ä –≤—ã—Å—Ç–∞–≤–æ—á–Ω—ã—Ö –ø—Ä–æ–µ–∫—Ç–æ–≤. –í—ã–¥–∞—é—â–∏–π—Å—è —ç–∫—Å–ø–µ—Ä—Ç –≥–∞–ª–µ—Ä–µ–π–Ω–æ–≥–æ –¥–µ–ª–∞, –∞—Ä—Ç-–±–∏–∑–Ω–µ—Å–∞ –∏ –≤–∑–∞–∏–º–æ–¥–µ–π—Å—Ç–≤–∏—è –º–µ–∂–¥—É —Ö—É–¥–æ–∂–Ω–∏–∫–∞–º–∏-–≥–∞–ª–µ—Ä–µ—è–º–∏-–∫–æ–ª–ª–µ–∫—Ü–∏–æ–Ω–µ—Ä–∞–º–∏. 
 
–í –¶–°–ö ¬´–°—Ç–µ–ø—å¬ª –ö—Ä–∏—Å—Ç–∏–Ω–∞ –°–∞—Å–æ–Ω–∫–æ –ø—Ä–æ–≤–µ–¥–µ—Ç —Ü–∏–∫–ª –∞–≤—Ç–æ—Ä—Å–∫–∏—Ö –ª–µ–∫—Ü–∏–π –æ–± –∏—Å–∫—É—Å—Å—Ç–≤–µ —Å –Ω–µ—Ñ–æ—Ä–º–∞–ª—å–Ω–æ–π —Å—Ç–æ—Ä–æ–Ω—ã: 
 
‚Ä¢ 24 —Ñ–µ–≤—Ä–∞–ª—è –≤ 18:30 | –õ–µ–∫—Ü–∏—è ¬´–°–∞–º—ã–µ –¥–æ—Ä–æ–≥–∏–µ —à–µ–¥–µ–≤—Ä—ã, –ø–æ–¥–¥–µ–ª–∫–∏ –∏ –∞—Ñ–µ—Ä—ã¬ª 
 
–ü–æ—á–µ–º—É –∏—Å–∫—É—Å—Å—Ç–≤–æ —Å—Ç–æ–∏—Ç –¥–æ—Ä–æ–≥–æ? –ö—Ç–æ –∏ –∫–æ–≥–¥–∞ –ø–æ—Ç—Ä–∞—Ç–∏–ª —Å–æ—Ç–Ω–∏ –º–∏–ª–ª–∏–æ–Ω–æ–≤ –Ω–∞ –∏—Å–∫—É—Å—Å—Ç–≤–æ? –ê —Ç–∞–∫–∂–µ –≤–æ–∑–º–æ–∂–Ω–æ –ª–∏ —É–∫—Ä–∞—Å—Ç—å –∫–∞—Ä—Ç–∏–Ω—É –∏–∑ –º—É–∑–µ—è –∏–ª–∏ –ø—Ä–æ–¥–∞—Ç—å –ø–æ–¥–¥–µ–ª–∫—É –∑–∞ –º–∏–ª–ª–∏–æ–Ω? –õ–µ–∫—Ü–∏—è –ø—Ä–æ —Å–∞–º—ã–µ –≥—Ä–æ–º–∫–∏–µ –ø—Ä–µ—Å—Ç—É–ø–ª–µ–Ω–∏—è –≤ –º–∏—Ä–µ –∏—Å–∫—É—Å—Å—Ç–≤–∞. 
 
‚Ä¢ 25 —Ñ–µ–≤—Ä–∞–ª—è –≤ 18:30 | –õ–µ–∫—Ü–∏—è ¬´–û—Ç–≤—Ä–∞—Ç–∏—Ç–µ–ª—å–Ω–æ–µ –∏—Å–∫—É—Å—Å—Ç–≤–æ¬ª 
 
¬´–¢–∞–∫ —É–∂–∞—Å–Ω–æ, —á—Ç–æ –¥–∞–∂–µ –∫—Ä–∞—Å–∏–≤–æ¬ª. –ü–æ—á–µ–º—É –æ—Ç–≤—Ä–∞—Ç–∏—Ç–µ–ª—å–Ω—ã–µ —Å—é–∂–µ—Ç—ã —Ç–∞–∫ –ø—Ä–∏–≤–ª–µ–∫–∞—é—Ç —Ö—É–¥–æ–∂–Ω–∏–∫–æ–≤ –∏ –∑–∞–≤–æ—Ä–∞–∂–∏–≤–∞—é—Ç –∑—Ä–∏—Ç–µ–ª—è. 
 
‚åõ24 –∏ 25 —Ñ–µ–≤—Ä–∞–ª—è, 18:30 (—Å–±–æ—Ä –≥–æ—Å—Ç–µ–π –≤ 18:00) 
üéü–°—Ç–æ–∏–º–æ—Å—Ç—å: 
‚Ä¢ —Ü–∏–∫–ª –∏–∑ –¥–≤—É—Ö –ª–µ–∫—Ü–∏–π ‚Äì 1500‚ÇΩ 
‚Ä¢ –æ–¥–Ω–∞ –ª–µ–∫—Ü–∏—è ‚Äì 900 ‚ÇΩ 
 
–ü—Ä–∏–æ–±—Ä–µ—Å—Ç–∏ –±–∏–ª–µ—Ç—ã –º–æ–∂–Ω–æ –Ω–∞ —Å–∞–π—Ç–µ –ø–æ —Å—Å—ã–ª–∫–µ –≤ —à–∞–ø–∫–µ –ø—Ä–æ—Ñ–∏–ª—è. 
 
–¶–µ–Ω—Ç—Ä —Å–æ–≤—Ä–µ–º–µ–Ω–Ω–æ–π –∫—É–ª—å—Ç—É—Ä—ã ¬´–°—Ç–µ–ø—å¬ª 
—É–ª. –ë–µ—Ä–µ–≥–æ–≤–∞—è, 12 
 
#—Ü–∏–∫–ª–ª–µ–∫—Ü–∏–π—Ä–æ—Å—Ç–æ–≤ #–≥–∞–ª–µ—Ä–µ—è—Ä–æ—Å—Ç–æ–≤ #—Ö—É–¥–æ–∂–Ω–∏–∫–∏—Ä–æ—Å—Ç–æ–≤ #—Ç–≤–æ—Ä—á–µ—Å–∫–∏–µ–ª—é–¥–∏",0,4.0,vk,0,8,4,294,1444,1,2023,2,0,11
3,2023-02-04 08:15:30,,0,1.0,vk,0,31,3,442,0,1,2023,2,5,8
4,2023-02-01 13:30:16,"| –ì—Ä–∞–Ω–∏ –∫–ª–∞—Å—Å–∏—á–µ—Å–∫–æ–π –≥–∏—Ç–∞—Ä–Ω–æ–π –º—É–∑—ã–∫–∏ | 11 —Ñ–µ–≤—Ä–∞–ª—è 
 
–ö–æ–Ω—Ü–µ—Ä—Ç –≥–∏—Ç–∞—Ä–Ω–æ–π –º—É–∑—ã–∫–∏ –æ—Ç –¥—É—ç—Ç–∞ –≥–∏—Ç–∞—Ä–∏—Å—Ç–æ–≤ Con Brio. 
 
‚åõ11 —Ñ–µ–≤—Ä–∞–ª—è, 18:30 (—Å–±–æ—Ä –≥–æ—Å—Ç–µ–π ‚Äì –≤ 18:00) 
üéü–°—Ç–æ–∏–º–æ—Å—Ç—å –±–∏–ª–µ—Ç–∞ ‚Äì 600 ‚ÇΩ 
 
–°–æ–≤—Ä–µ–º–µ–Ω–Ω–∞—è –∫–ª–∞—Å—Å–∏—á–µ—Å–∫–∞—è –≥–∏—Ç–∞—Ä–∞ ‚Äì –Ω–µ –æ–∫—Å—é–º–æ—Ä–æ–Ω. –≠—Ç–æ –º—É–∑—ã–∫–∞–ª—å–Ω—ã–π –∏–Ω—Å—Ç—Ä—É–º–µ–Ω—Ç, –º–Ω–æ–≥–æ–≥—Ä–∞–Ω–Ω–æ—Å—Ç—å –∫–æ—Ç–æ—Ä–æ–≥–æ –Ω–µ–≤–æ–∑–º–æ–∂–Ω–æ –Ω–µ–¥–æ–æ—Ü–µ–Ω–∏—Ç—å. 
 
–ü—Ä–µ–¥–ª–∞–≥–∞–µ–º –æ—Ç–ø—Ä–∞–≤–∏—Ç—å—Å—è –≤ —É–≤–ª–µ–∫–∞—Ç–µ–ª—å–Ω–æ–µ –ø—É—Ç–µ—à–µ—Å—Ç–≤–∏–µ –ø–æ –≥–ª–∞–≤–Ω—ã–º —ç–ø–æ—Ö–∞–º –º–∏—Ä–∞ –º—É–∑—ã–∫–∏ –Ω–∞ —Å–æ–≤—Ä–µ–º–µ–Ω–Ω–æ–π –∫–ª–∞—Å—Å–∏—á–µ—Å–∫–æ–π –≥–∏—Ç–∞—Ä–µ: –Ω–∞—á–Ω—ë–º —Å XVII-XVIII –≤–µ–∫–∞, –≤—Ä–µ–º–µ–Ω–∏ –ò.–°. –ë–∞—Ö–∞, –ì. –ì–µ–Ω–¥–µ–ª—è, –î. –°–∫–∞—Ä–ª–∞—Ç—Ç–∏ –∏ –î–∂.–†–æ—Å—Å–∏–Ω–∏, –∏ –ø–ª–∞–≤–Ω–æ –ø–µ—Ä–µ–π–¥–µ–º –∫ —Å–æ–≤—Ä–µ–º–µ–Ω–Ω—ã–º –∫–æ–º–ø–æ–∑–∏—Ç–æ—Ä–∞–º, —Ç–∞–∫–∏–º –∫–∞–∫ –ê. –ü—å—è—Ü—Ü–æ–ª–ª–∞, –°. –†—É–¥–Ω–µ–≤, –°. –û—Ä–µ—Ö–æ–≤, –ê. –í–∏–Ω–∏—Ü–∫–∏–π, –ö. –î–æ–º–µ–Ω–∏–∫–æ–Ω–∏ –∏ –†. –î—å–µ–Ω—Å. 
 
–ü–µ—Ä–µ–¥ –∫–∞–∂–¥–æ–π –∫–æ–º–ø–æ–∑–∏—Ü–∏–µ–π –º—É–∑—ã–∫–∞–Ω—Ç—ã –¥—É—ç—Ç–∞ Con Brio —Ä–∞—Å—Å–∫–∞–∂—É—Ç –∏—Å—Ç–æ—Ä–∏—é –µ–µ —Å–æ–∑–¥–∞–Ω–∏—è –∏ –æ–ø–∏—à—É—Ç –æ–±—Ä–∞–∑—ã –º—É–∑—ã–∫–∞–ª—å–Ω–æ–π –º—ã—Å–ª–∏, –∑–∞–ª–æ–∂–µ–Ω–Ω—ã–µ –µ–µ –∞–≤—Ç–æ—Ä–æ–º. 
 
–ü—Ä–µ–¥–ª–∞–≥–∞–µ–º –≤–º–µ—Å—Ç–µ —Å @centr.step –≤ –ø–æ–ª–Ω–æ–π –º–µ—Ä–µ –æ—Ü–µ–Ω–∏—Ç—å, –Ω–∞—Å–∫–æ–ª—å–∫–æ –º–Ω–æ–≥–æ–≥—Ä–∞–Ω–Ω–∞ —Å–æ–≤—Ä–µ–º–µ–Ω–Ω–∞—è –∫–ª–∞—Å—Å–∏—á–µ—Å–∫–∞—è –≥–∏—Ç–∞—Ä–∞, –∏ –∫–∞–∫ –µ–π –ø–æ–¥–≤–ª–∞—Å—Ç–µ–Ω –ª—é–±–æ–π —Ä–µ–ø–µ—Ä—Ç—É–∞—Ä. 
 
‚ñ™11 —Ñ–µ–≤—Ä–∞–ª—è, 18:30 (—Å–±–æ—Ä –≥–æ—Å—Ç–µ–π ‚Äì –≤ 18:00) 
‚ñ™–°—Ç–æ–∏–º–æ—Å—Ç—å –±–∏–ª–µ—Ç–∞ ‚Äì 600 ‚ÇΩ 
 
–¶–µ–Ω—Ç—Ä —Å–æ–≤—Ä–µ–º–µ–Ω–Ω–æ–π –∫—É–ª—å—Ç—É—Ä—ã ¬´–°—Ç–µ–ø—å¬ª 
—É–ª. –ë–µ—Ä–µ–≥–æ–≤–∞—è, 12",0,2.0,vk,0,25,4,750,1062,1,2023,2,2,13
5,2023-01-31 12:57:36,,0,1.0,vk,0,13,3,335,0,1,2023,1,1,12
6,2023-01-30 10:02:11,"| –ö–æ–Ω—Ü–µ—Ä—Ç ¬´–ú—É–∑—ã–∫–∞ –æ –ª—é–±–≤–∏¬ª | 14 —Ñ–µ–≤—Ä–∞–ª—è 
 
–ú—É–∑—ã–∫–∞ —Ä—É—Å—Å–∫–∏—Ö –∏ –∑–∞—Ä—É–±–µ–∂–Ω—ã—Ö –∫–æ–º–ø–æ–∑–∏—Ç–æ—Ä–æ–≤ –¥–ª—è –∞—Ä—Ñ—ã –∏ —Ñ–ª–µ–π—Ç—ã: –æ—Ç –±–∞—Ä–æ–∫–∫–æ –¥–æ –Ω—å—é-—ç–π–¥–∂. 
 
‚åõÔ∏è14 —Ñ–µ–≤—Ä–∞–ª—è, 18:30 
üéü–°—Ç–æ–∏–º–æ—Å—Ç—å –±–∏–ª–µ—Ç–∞ ‚Äì 500 ‚ÇΩ 
 
–õ—é–±–æ–≤—å ‚Äì —á—É–≤—Å—Ç–≤–æ, –∫–æ—Ç–æ—Ä–æ–µ –Ω–∞ –ø—Ä–æ—Ç—è–∂–µ–Ω–∏–∏ –≤–µ–∫–æ–≤ –≤–¥–æ—Ö–Ω–æ–≤–ª—è–ª–æ —Ö—É–¥–æ–∂–Ω–∏–∫–æ–≤, –ø–æ—ç—Ç–æ–≤ –∏ –∫–æ–º–ø–æ–∑–∏—Ç–æ—Ä–æ–≤ –Ω–∞ —Å–æ–∑–¥–∞–Ω–∏–µ —Å–∞–º—ã—Ö –ø—Ä–µ–∫—Ä–∞—Å–Ω—ã—Ö –ø—Ä–æ–∏–∑–≤–µ–¥–µ–Ω–∏–π –∏—Å–∫—É—Å—Å—Ç–≤–∞. 
 
–ß–∞—Å—Ç—å –∏—Ö –Ω–∏—Ö –≤—ã —É—Å–ª—ã—à–∏—Ç–µ 14 —Ñ–µ–≤—Ä–∞–ª—è, –≤ –î–µ–Ω—å –≤—Å–µ—Ö –≤–ª—é–±–ª–µ–Ω–Ω—ã—Ö, –≤ —Å—Ç–µ–Ω–∞—Ö –¶–°–ö ¬´–°—Ç–µ–ø—å¬ª –≤ –∏—Å–ø–æ–ª–Ω–µ–Ω–∏–∏ –¥—É—ç—Ç–∞ –ò—Ä–∏–Ω—ã –ù–µ–≥–∞–¥–æ–≤–æ–π –∏ –ü–∞–≤–ª–∞ –ë–æ–Ω–¥–∞—Ä–µ–Ω–∫–æ ‚Äì –Ω–∞ –∞—Ä—Ñ–µ –∏ —Ñ–ª–µ–π—Ç–µ, –¥–≤—É—Ö –º—É–∑—ã–∫–∞–ª—å–Ω—ã—Ö –∏–Ω—Å—Ç—Ä—É–º–µ–Ω—Ç–∞—Ö, –∫–æ—Ç–æ—Ä—ã–º –ø–æ–¥ —Å–∏–ª—É –ø–µ—Ä–µ–¥–∞—Ç—å –≤—Å—é –≥–∞–º–º—É –Ω–µ–∂–Ω—ã—Ö —á—É–≤—Å—Ç–≤ –∏ –∫—Ä–∞—Å–æ—Ç—É –ª—é–±–≤–∏. 
 
–í –ø—Ä–æ–≥—Ä–∞–º–º–µ –∫–æ–Ω—Ü–µ—Ä—Ç–∞ ‚Äì –ø—Ä–æ–∏–∑–≤–µ–¥–µ–Ω–∏—è —Ä—É—Å—Å–∫–∏—Ö –∏ –∑–∞—Ä—É–±–µ–∂–Ω—ã—Ö –∫–æ–º–ø–æ–∑–∏—Ç–æ—Ä–æ–≤, –∞ —Ç–∞–∫–∂–µ –º–Ω–æ–∂–µ—Å—Ç–≤–æ –ø—Ä–µ–∫—Ä–∞—Å–Ω—ã—Ö –∏—Å—Ç–æ—Ä–∏–π –æ –ª—é–±–≤–∏. 
 
‚ñ´14 —Ñ–µ–≤—Ä–∞–ª—è, 18:30 (—Å–±–æ—Ä –≥–æ—Å—Ç–µ–π ‚Äì –≤ 18:00) 
‚ñ´–ë–∏–ª–µ—Ç—ã –ø–æ —Å—Å—ã–ª–∫–µ –≤ —à–∞–ø–∫–µ –ø—Ä–æ—Ñ–∏–ª—è. 
 
–ü—Ä–∏—Ö–æ–¥–∏—Ç–µ –∑–∞ —Ä–æ–º–∞–Ω—Ç–∏—á–µ—Å–∫–∏–º –Ω–∞—Å—Ç—Ä–æ–µ–Ω–∏–µ–º –≤ –¶–µ–Ω—Ç—Ä —Å–æ–≤—Ä–µ–º–µ–Ω–Ω–æ–π –∫—É–ª—å—Ç—É—Ä—ã ¬´–°—Ç–µ–ø—å¬ªüíå 
 
—É–ª. –ë–µ—Ä–µ–≥–æ–≤–∞—è, 12",0,1.0,vk,3,18,7,496,884,1,2023,1,0,10
7,2023-01-25 10:32:50,"| –ó–∏–º–Ω–∏–π –†–æ—Å—Ç–æ–≤ –Ω–∞ –∫–∞—Ä—Ç–∏–Ω–∞—Ö —Ö—É–¥–æ–∂–Ω–∏–∫–æ–≤ | 
 
–í–¥–æ—Ö–Ω–æ–≤–µ–Ω–∏–µ –º–æ–∂–Ω–æ –Ω–∞–π—Ç–∏, –≤ —á–µ–º —É–≥–æ–¥–Ω–æ ‚Äì –¥–∞–∂–µ –≤ –±–æ–ª—å—à–æ–º –∏ —à—É–º–Ω–æ–º –≥–æ—Ä–æ–¥–µ: —Å–∏–≥–Ω–∞–ª–∞—Ö —Å–ø–µ—à–∞—â–∏—Ö –Ω–∞ —Ä–∞–±–æ—Ç—É –º–∞—à–∏–Ω, –æ–≥–Ω—è—Ö, –≥–æ—Ä—è—â–∏—Ö –Ω–æ—á—å—é –≤ –æ–∫–Ω–∞—Ö –º–Ω–æ–≥–æ—ç—Ç–∞–∂–Ω—ã—Ö –¥–æ–º–æ–≤, –∏ –∏–∑—É—á–µ–Ω–Ω—ã—Ö –≤–¥–æ–ª—å –∏ –ø–æ–ø–µ—Ä–µ–∫ –ø—Ä–æ—Å–ø–µ–∫—Ç–∞—Ö. 
 
–ü—Ä–∏—Ö–æ–¥–∏—Ç–µ –Ω–∞ –¥–µ–π—Å—Ç–≤—É—é—â—É—é –≤—ã—Å—Ç–∞–≤–∫—É ¬´–ó–∏–º–Ω–∏–π —ç—Ç—é–¥¬ª –∏ –∏—â–∏—Ç–µ –∑–Ω–∞–∫–æ–º—ã–µ –≥–æ—Ä–æ–¥—Å–∫–∏–µ –ø–µ–π–∑–∞–∂–∏ –Ω–∞ –∫–∞—Ä—Ç–∏–Ω–∞—Ö –¥–æ–Ω—Å–∫–∏—Ö —Ö—É–¥–æ–∂–Ω–∏–∫–∞—Ö. 
 
‚åõÔ∏è–í—Ç-–í—Å: 12:00-20:00 
üéü–í—Ö–æ–¥ —Å–≤–æ–±–æ–¥–Ω—ã–π 
 
–í—ã—Å—Ç–∞–≤–∫–∞ –ø—Ä–æ–¥–ª–∏—Ç—Å—è –¥–æ 26 —Ñ–µ–≤—Ä–∞–ª—è. 
 
–¶–µ–Ω—Ç—Ä —Å–æ–≤—Ä–µ–º–µ–Ω–Ω–æ–π –∫—É–ª—å—Ç—É—Ä—ã ¬´–°—Ç–µ–ø—å¬ª 
—É–ª. –ë–µ—Ä–µ–≥–æ–≤–∞—è, 12",0,1.0,vk,0,17,1,561,492,1,2023,1,2,10
8,2023-01-24 06:45:41,"–î–µ–ª–∏–º—Å—è —Ñ–æ—Ç–æ–æ—Ç—á–µ—Ç–æ–º –ø—Ä–∞–∑–¥–Ω–æ–≤–∞–Ω–∏—è –ö–∏—Ç–∞–π—Å–∫–æ–≥–æ –ù–æ–≤–æ–≥–æ –≥–æ–¥–∞ –≤ –¶–°–ö ""–°–¢–ï–ü–¨"".",0,1.0,vk,0,10,0,373,70,1,2023,1,1,6
9,2023-01-24 06:35:33,"–î–∏—Å–∫—É—Å—Å–∏–æ–Ω–Ω—ã–π –∫–ª—É–± | –î–æ—Å—Ç–æ–µ–≤—Å–∫–∏–π –∏ –µ–≥–æ ¬´–ë–µ–ª—ã–µ –Ω–æ—á–∏¬ª | 28.01

28 —è–Ω–≤–∞—Ä—è –≤ –¶–°–ö ¬´–°—Ç–µ–ø—å¬ª —Å–æ—Å—Ç–æ–∏—Ç—Å—è –æ—Å–æ–±–µ–Ω–Ω–æ–µ —Å–æ–±—ã—Ç–∏–µ ‚Äì –æ—Ç–∫—Ä—ã—Ç–∏–µ –∏ –ø–µ—Ä–≤–∞—è –≤—Å—Ç—Ä–µ—á–∞ –¥–∏—Å–∫—É—Å—Å–∏–æ–Ω–Ω–æ–≥–æ –∫–ª—É–±–∞ –¥–ª—è –ø–æ–¥—Ä–æ—Å—Ç–∫–æ–≤ ¬´–ê–∑–±—É–∫–∞ –∏—Å–∫—É—Å—Å—Ç–≤–∞¬ª.

‚åõ28 —è–Ω–≤–∞—Ä—è –≤ 13:00
üéü–£—á–∞—Å—Ç–∏–µ –±–µ—Å–ø–ª–∞—Ç–Ω–æ–µ –ø–æ –ø—Ä–µ–¥–≤–∞—Ä–∏—Ç–µ–ª—å–Ω–æ–π —Ä–µ–≥–∏—Å—Ç—Ä–∞—Ü–∏–∏ –ø–æ —Å—Å—ã–ª–∫–µ –≤ —à–∞–ø–∫–µ –ø—Ä–æ—Ñ–∏–ª—è. 

–¢–µ–º–æ–π –≤—Å—Ç—Ä–µ—á–∏ —Å—Ç–∞–Ω–µ—Ç –∑–Ω–∞–º–µ–Ω–∏—Ç–∞—è –ø–æ–≤–µ—Å—Ç—å –§.–ú. –î–æ—Å—Ç–æ–µ–≤—Å–∫–æ–≥–æ ¬´–ë–µ–ª—ã–µ –Ω–æ—á–∏¬ª. –í –ø—Ä–∏—è—Ç–Ω–æ–π –∫–∞–º–µ—Ä–Ω–æ–π –∞—Ç–º–æ—Å—Ñ–µ—Ä–µ –º—ã –æ–±—Å—É–¥–∏–º –æ—Å–Ω–æ–≤–Ω—ã–µ –ø—Ä–æ–±–ª–µ–º—ã –ø—Ä–æ–∏–∑–≤–µ–¥–µ–Ω–∏—è –∏ –ø—Ä–æ–≤–µ–¥–µ–º –ø–∞—Ä–∞–ª–ª–µ–ª–∏ –º–µ–∂–¥—É —Å—É–¥—å–±–∞–º–∏ –≥–µ—Ä–æ–µ–≤ –∏ —Å—É–¥—å–±–æ–π —Å–∞–º–æ–≥–æ –∞–≤—Ç–æ—Ä–∞ –≤ –ø–µ—Ä–∏–æ–¥ –Ω–∞–ø–∏—Å–∞–Ω–∏—è –ø–æ–≤–µ—Å—Ç–∏.

–ö —É—á–∞—Å—Ç–∏—é –ø—Ä–∏–≥–ª–∞—à–∞–µ–º –≤—Å–µ—Ö –∂–µ–ª–∞—é—â–∏—Ö –≤ –≤–æ–∑—Ä–∞—Å—Ç–µ –æ—Ç 13 –¥–æ 15 –ª–µ—Ç. –ë—É–¥–µ—Ç —Å–æ–¥–µ—Ä–∂–∞—Ç–µ–ª—å–Ω–æ –∏ –Ω–µ–æ–±—ã—á–∞–π–Ω–æ —É–≤–ª–µ–∫–∞—Ç–µ–ª—å–Ω–æ!

‚ñ™28 —è–Ω–≤–∞—Ä—è –≤ 13:00
‚ñ™–í—Ö–æ–¥ –ø–æ –ø—Ä–µ–¥–≤–∞—Ä–∏—Ç–µ–ª—å–Ω–æ–π —Ä–µ–≥–∏—Å—Ç—Ä–∞—Ü–∏–∏ –ø–æ —Å—Å—ã–ª–∫–µ –≤ —à–∞–ø–∫–µ –ø—Ä–æ—Ñ–∏–ª—è. –ú–µ—Å—Ç–∞ –æ–≥—Ä–∞–Ω–∏—á–µ–Ω—ã.

–ü—Ä–∏—Ö–æ–¥–∏—Ç–µ –∏ –ø–æ–≥—Ä—É–∂–∞–π—Ç–µ—Å—å –≤ –∏—Å–∫—É—Å—Å—Ç–≤–æ –≤–º–µ—Å—Ç–µ —Å [club216229743|–¶–µ–Ω—Ç—Ä —Å–æ–≤—Ä–µ–º–µ–Ω–Ω–æ–π –∫—É–ª—å—Ç—É—Ä—ã ¬´–°–¢–ï–ü–¨¬ª]",0,1.0,vk,0,5,0,307,846,1,2023,1,1,6
10,2023-01-23 09:45:26,"| –ö–∏—Ç–∞–π—Å–∫–∏–π –ù–æ–≤—ã–π –≥–æ–¥ –≤ ¬´–°—Ç–µ–ø–∏¬ª |

–°–µ–≥–æ–¥–Ω—è –≤ –¶–°–ö ¬´–°—Ç–µ–ø—å¬ª –º—ã —Ç–æ—Ä–∂–µ—Å—Ç–≤–µ–Ω–Ω–æ–≥–æ –ø–µ—Ä–µ–≤–µ—Ä–Ω—É–ª–∏ –ø–æ—Å–ª–µ–¥–Ω—é—é —Å—Ç—Ä–∞–Ω–∏—Ü—É –ª—É–Ω–Ω–æ–≥–æ –∫–∏—Ç–∞–π—Å–∫–æ–≥–æ –∫–∞–ª–µ–Ω–¥–∞—Ä—è –∏ –æ—Ç–ø—Ä–∞–∑–¥–Ω–æ–≤–∞–ª–∏ –Ω–∞—á–∞–ª–æ —Å–∞–º–æ–≥–æ –∑–Ω–∞—á–∏–º–æ–≥–æ –¥–ª—è –∫–∏—Ç–∞–π—Ü–µ–≤ –ø—Ä–∞–∑–¥–Ω–∏–∫–∞ ‚Äì –ö–∏—Ç–∞–π—Å–∫–æ–≥–æ –ù–æ–≤–æ–≥–æ –≥–æ–¥–∞! 

–í–º–µ—Å—Ç–µ —Å –≥–æ—Å—Ç—è–º–∏ –≤ —Ä–∞–º–∫–∞—Ö –ø—Ä–∞–∑–¥–Ω–æ–≤–∞–Ω–∏—è –º—ã –ø–æ—Å–ª—É—à–∞–ª–∏ –ª–µ–∫—Ü–∏—é –æ–± –∏—Å—Ç–æ—Ä–∏–∏ –∏ —Å–æ–≤—Ä–µ–º–µ–Ω–Ω–æ–º –ø–æ–ª–æ–∂–µ–Ω–∏–µ–º –∫–∏—Ç–∞–π—Å–∫–æ–π –∏–µ—Ä–æ–≥–ª–∏—Ñ–∏–∫–∏, –ø–æ—Å–ª—É—à–∞–ª–∏, –∫–∞–∫ –∑–≤—É—á–∏—Ç –Ω–∞—Ü–∏–æ–Ω–∞–ª—å–Ω–∞—è –∏–Ω—Å—Ç—Ä—É–º–µ–Ω—Ç–∞–ª—å–Ω–∞—è –º—É–∑—ã–∫–∞, –Ω–∞—É—á–∏–ª–∏—Å—å —Å–∞–º–æ—Å—Ç–æ—è—Ç–µ–ª—å–Ω–æ —Ä–∏—Å–æ–≤–∞—Ç—å –∏–µ—Ä–æ–≥–ª–∏—Ñ—ã, –ø—Ä–∏–Ω—è–ª–∏ —É—á–∞—Å—Ç–∏–µ –≤ —á–∞–π–Ω–æ–π —Ü–µ—Ä–µ–º–æ–Ω–∏–∏ –∏ –ø–æ–∑–Ω–∞–∫–æ–º–∏–ª–∏—Å—å —Å –ø—Ä–∞–∫—Ç–∏–∫–æ–π –±–æ–µ–≤–æ–≥–æ –∏—Å–∫—É—Å—Å—Ç–≤–∞ –¢–∞–π—Ü–∑–∏.

–í –∫–æ–Ω—Ü–µ –≤—Å–µ–º –≥–æ—Å—Ç—è–º –±—ã–ª–∏ –≤—Ä—É—á–µ–Ω—ã –ø–∞–º—è—Ç–Ω—ã–µ –∫–∏—Ç–∞–π—Å–∫–∏–µ –ø–æ–¥–∞—Ä–∫–∏ ‚Äì –≤–æ–ª—à–µ–±–Ω—ã–π –∫—Ä–∞—Å–Ω—ã–π –∫–æ–Ω–≤–µ—Ä—Ç —Ö—É–Ω–±–∞–æ –∏ —Ç—Ä–∞–¥–∏—Ü–∏–æ–Ω–Ω–æ–µ –ø–µ—á–µ–Ω—å–µ —Å –ø—Ä–µ–¥—Å–∫–∞–∑–∞–Ω–∏—è–º–∏ü•†

–ü–æ–¥–∫—Ä–µ–ø–ª—è–µ–º –Ω–∞—à–∏ —Å–ª–æ–≤–∞ –∏ –≤–ø–µ—á–∞—Ç–ª–µ–Ω–∏—è –ø–æ–¥—Ä–æ–±–Ω—ã–º –≤–∏–¥–µ–æ–æ–±–∑–æ—Ä–æ–º. 

–¶–µ–Ω—Ç—Ä —Å–æ–≤—Ä–µ–º–µ–Ω–Ω–æ–π –∫—É–ª—å—Ç—É—Ä—ã ¬´–°—Ç–µ–ø—å¬ª
—É–ª. –ë–µ—Ä–µ–≥–æ–≤–∞—è, 12",0,1.0,api,0,19,2,453,791,0,2023,1,0,9
11,2023-01-23 09:43:48,"–í–Ω–∏–º–∞–Ω–∏–µ, —Ö—É–¥–æ–∂–Ω–∏–∫–∏!

–¶–µ–Ω—Ç—Ä –°–æ–≤—Ä–µ–º–µ–Ω–Ω–æ–π –ö—É–ª—å—Ç—É—Ä—ã ¬´–°—Ç–µ–ø—å¬ª –ø—Ä–∏–≥–ª–∞—à–∞–µ—Ç –í–∞—Å –∫ —É—á–∞—Å—Ç–∏—é –≤ –≤—ã—Å—Ç–∞–≤–æ—á–Ω–æ–º –ø—Ä–æ–µ–∫—Ç–µ, –ø–æ—Å–≤—è—â—ë–Ω–Ω–æ–º –∂–µ–Ω—Å–∫–æ–º—É –æ–±—Ä–∞–∑—É.

–í —Ä–∞–º–∫–∞—Ö –Ω–æ–≤–æ–≥–æ –ø—Ä–æ–µ–∫—Ç–∞ –º—ã —Ö–æ—Ç–∏–º –ø–æ–¥–Ω—è—Ç—å –≤–æ–ø—Ä–æ—Å: ¬´–ê –∫–∞–∫–∞—è –æ–Ω–∞, —Å–æ–≤—Ä–µ–º–µ–Ω–Ω–∞—è –∂–µ–Ω—â–∏–Ω–∞?¬ª. –ö—Ç–æ, –∫–∞–∫ –Ω–µ —Ö—É–¥–æ–∂–Ω–∏–∫–∏, –º–æ–≥—É—Ç –æ—Ç–≤–µ—Ç–∏—Ç—å –Ω–∞ —ç—Ç–æ –≤–æ–ø—Ä–æ—Å. –¢–µ–º–∞ –∂–µ–Ω—Å–∫–æ–≥–æ –æ–±—Ä–∞–∑–∞ –≤ –∏—Å–∫—É—Å—Å—Ç–≤–µ –Ω–µ–∏—Å—á–µ—Ä–ø–∞–µ–º–∞. 

–ú—ã –ø—Ä–µ–¥–ª–∞–≥–∞–µ–º —Å–æ–≤—Ä–µ–º–µ–Ω–Ω—ã–º —Ö—É–¥–æ–∂–Ω–∏–∫–∞–º –ø—Ä–æ–¥–æ–ª–∂–∏—Ç—å —Ç—Ä–∞–¥–∏—Ü–∏—é —Å–æ–∑–¥–∞–Ω–∏—è –∂–µ–Ω—Å–∫–∏—Ö –æ–±—Ä–∞–∑–æ–≤, –æ—Ç–æ–±—Ä–∞–∂–∞—é—â–∏—Ö –≤–Ω–µ—à–Ω—é—é –∏ –≤–Ω—É—Ç—Ä–µ–Ω–Ω—é—é –∫—Ä–∞—Å–æ—Ç—É. –ü–æ–∫–∞–∑–∞—Ç—å —á–µ—Ä–µ–∑ —Ö—É–¥–æ–∂–µ—Å—Ç–≤–µ–Ω–Ω—ã–π –æ–±—Ä–∞–∑ –º–µ—Ç–∞—Ñ–∏–∑–∏–∫—É, —Å–∏–º–≤–æ–ª–∏–∫—É, —ç–∫—Å–ø—Ä–µ—Å—Å–∏—é, –∂–µ–Ω—Å—Ç–≤–µ–Ω–Ω–æ—Å—Ç—å –∏ —Å–æ—Å—Ç–æ—è–Ω–∏–µ –∂–µ–Ω—Å–∫–æ–π –¥—É—à–∏. 

–¶–µ–Ω—Ç—Ä –°–æ–≤—Ä–µ–º–µ–Ω–Ω–æ–π –ö—É–ª—å—Ç—É—Ä—ã ¬´–°—Ç–µ–ø—å¬ª —Ä–∞—Å—Å–º–æ—Ç—Ä–∏—Ç –ª—é–±—ã–µ –∞–≤—Ç–æ—Ä—Å–∫–∏–µ –≤—ã—Å–∫–∞–∑—ã–≤–∞–Ω–∏—è:
‚Ä¢ —Ç—Ä–∞–¥–∏—Ü–∏–æ–Ω–Ω—É—é –∂–∏–≤–æ–ø–∏—Å—å
‚Ä¢ —Å–∫—É–ª—å–ø—Ç—É—Ä—É
‚Ä¢ –≥—Ä–∞—Ñ–∏–∫—É
‚Ä¢ —Å—é—Ä—Ä–µ–∞–ª–∏—Å—Ç–∏—á–µ—Å–∫–∏–µ –≤–∏–¥–µ–Ω–∏—è
‚Ä¢ –∞–±—Å—Ç—Ä–∞–∫—Ç–Ω—ã–µ –º–∞–Ω–∏—Ñ–µ—Å—Ç–∞—Ü–∏–∏ 
‚Ä¢ –∏–Ω—Å—Ç–∞–ª–ª—è—Ü–∏–∏

–í —Ä–∞–±–æ—Ç–∞—Ö –¥–æ–ø—É—Å—Ç–∏–º—ã: —Ä–µ–∞–ª–∏—Å—Ç–∏—á–Ω–æ—Å—Ç—å, –ø–∞—Ä–∞–¥–æ–∫—Å–∞–ª—å–Ω–æ—Å—Ç—å, –≥—Ä–æ—Ç–µ—Å–∫, –∏—Ä–æ–Ω–∏—è, –∞–±—Å—É—Ä–¥ –≤ –ø—Ä–µ–¥—Å—Ç–∞–≤–ª–µ–Ω–∏–∏ –æ–±—Ä–∞–∑–æ–≤.
______________
–ó–∞—è–≤–∫–∏ –ø—Ä–∏–Ω–∏–º–∞—é—Ç—Å—è –¥–æ 14.02.2023.

–ó–∞—è–≤–∫–∏ –Ω–∞–ø—Ä–∞–≤–ª—è—Ç—å –Ω–∞ —ç–ª–µ–∫—Ç—Ä–æ–Ω–Ω—É—é –ø–æ—á—Ç—É info@centr-step.ru, –æ–±—è–∑–∞—Ç–µ–ª—å–Ω–æ –æ—Ç–º–µ—Ç–∏–≤ —Ç–µ–º—É –ø–∏—Å—å–º–∞: ¬´–ó–∞—è–≤–∫–∞ –Ω–∞ –≤—ã—Å—Ç–∞–≤–∫—É ¬´–ñ–µ–Ω—Å–∫–∏–π –æ–±—Ä–∞–∑¬ª.

–í –ø–∏—Å—å–º–µ –Ω–µ–æ–±—Ö–æ–¥–∏–º–æ —É–∫–∞–∑–∞—Ç—å:
1. –§–ò–û –∞–≤—Ç–æ—Ä–∞
2. –ë–∏–æ–≥—Ä–∞—Ñ–∏—è (–µ—Å–ª–∏ —Ä–∞–Ω–µ–µ –í–∞—à–∏ —Ä–∞–±–æ—Ç—ã –Ω–µ —É—á–∞—Å—Ç–≤–æ–≤–∞–ª–∏ –≤ –≤—ã—Å—Ç–∞–≤–∫–∞—Ö –¶–°–ö ¬´–°—Ç–µ–ø—å¬ª). –í –±–∏–æ–≥—Ä–∞—Ñ–∏–∏ —É–∫–∞–∑–∞—Ç—å –≥–æ–¥ —Ä–æ–∂–¥–µ–Ω–∏—è, –æ–±—Ä–∞–∑–æ–≤–∞–Ω–∏–µ, —Ä–µ–≥–∞–ª–∏–∏, —É—á–∞—Å—Ç–∏–µ –≤ –∏–Ω—ã—Ö –≤—ã—Å—Ç–∞–≤–∫–∞—Ö (—Å–ø–∏—Å–æ–∫).
3. –§–æ—Ç–æ –ø—Ä–µ–¥–ª–∞–≥–∞–µ–º—ã—Ö —Ä–∞–±–æ—Ç –≤ –≤—ã—Å–æ–∫–æ–º –∫–∞—á–µ—Å—Ç–≤–µ. 
4. –î–æ–∫—É–º–µ–Ω—Ç Word —Å –ø–æ–ª–Ω—ã–º —Å–ø–∏—Å–∫–æ–º –ø—Ä–µ–¥–ª–∞–≥–∞–µ–º—ã—Ö —Ä–∞–±–æ—Ç –∏ —Å–ª–µ–¥—É—é—â–µ–π –∏–Ω—Ñ–æ—Ä–º–∞—Ü–∏–µ–π: –Ω–∞–∑–≤–∞–Ω–∏–µ, –º–∞—Ç–µ—Ä–∏–∞–ª—ã, —Ç–µ—Ö–Ω–∏–∫–∞, –≥–æ–¥ –Ω–∞–ø–∏—Å–∞–Ω–∏—è, —Ü–µ–Ω–∞, –∫—Ä–∞—Ç–∫–æ–µ –æ–ø–∏—Å–∞–Ω–∏–µ —Ä–∞–±–æ—Ç—ã –≤ 3-10 –ø—Ä–µ–¥–ª–æ–∂–µ–Ω–∏—è—Ö (–ø–æ—á–µ–º—É –≤—ã –≤—ã–±—Ä–∞–ª–∏ –∏–º–µ–Ω–Ω–æ —Ç–∞–∫–æ–π –æ–±—Ä–∞–∑, —á—Ç–æ –Ω–∞–≤–µ–ª–æ –Ω–∞ –µ–≥–æ —Å–æ–∑–¥–∞–Ω–∏–µ, –∫–∞–∫—É—é –º—ã—Å–ª—å –≤–∫–ª–∞–¥—ã–≤–∞–ª–∏ –≤ –ø—Ä–æ–∏–∑–≤–µ–¥–µ–Ω–∏–µ –∏ —Ç.–ø.)

#—Ü—Å–∫_—Å—Ç–µ–ø—å #–≤—ã—Å—Ç–∞–≤–∫–∞—Å—Ç–µ–ø—å #–≤—ã—Å—Ç–∞–≤–∫–∏—Ä–æ—Å—Ç–æ–≤ #—Ö—É–¥–æ–∂–Ω–∏–∫–∏—Ä–æ—Å—Ç–æ–≤ #–∑–∞—è–≤–∫–∞–Ω–∞–≤—ã—Å—Ç–∞–≤–∫—É",0,1.0,api,0,20,4,627,1663,0,2023,1,0,9
12,2023-01-23 09:42:21,"| –î–∏–∞–ª–æ–≥–∏ —Å —Ö—É–¥–æ–∂–Ω–∏–∫–æ–º. –î–º–∏—Ç—Ä–∏–π –õ–∞–∑–∞—Ä–µ–≤ | 3.02

–ü—Ä–æ–¥–æ–ª–∂–∞–µ–º –æ—Ä–≥–∞–Ω–∏–∑–æ–≤—ã–≤–∞—Ç—å –¥–ª—è –≤–∞—Å —Ü–∏–∫–ª –≤–¥–æ—Ö–Ω–æ–≤–ª—è—é—â–∏—Ö –≤—Å—Ç—Ä–µ—á —Å –¥–æ–Ω—Å–∫–∏–º–∏ —Ö—É–¥–æ–∂–Ω–∏–∫–∞–º–∏ –≤ —Å—Ç–µ–Ω–∞—Ö –¶–°–ö ¬´–°—Ç–µ–ø—å¬ªüåæ

–í —ç—Ç–æ—Ç —Ä–∞–∑ –∫ –Ω–∞–º –≤ –≥–æ—Å—Ç–∏ –º—ã –ø—Ä–∏–≥–ª–∞—Å–∏–ª–∏ –î–º–∏—Ç—Ä–∏—è –õ–∞–∑–∞—Ä–µ–≤–∞ ‚Äì —á–ª–µ–Ω–∞ –¢–≤–æ—Ä—á–µ—Å–∫–æ–≥–æ –°–æ—é–∑–∞ –ü—Ä–æ—Ñ–µ—Å—Å–∏–æ–Ω–∞–ª—å–Ω—ã—Ö —Ö—É–¥–æ–∂–Ω–∏–∫–æ–≤ –†–æ—Å—Å–∏–∏, –Ω–µ–æ–¥–Ω–æ–∫—Ä–∞—Ç–Ω–æ–≥–æ –¥–∏–ø–ª–æ–º–∞–Ω—Ç–∞ –∏ –æ–±–ª–∞–¥–∞—Ç–µ–ª—è –±—Ä–æ–Ω–∑–æ–≤–æ–π –º–µ–¥–∞–ª–∏ –º–µ–∂–¥—É–Ω–∞—Ä–æ–¥–Ω–æ–≥–æ –∫–æ–Ω–∫—É—Ä—Å–∞ –°–æ—é–∑–∞ —Ö—É–¥–æ–∂–Ω–∏–∫–æ–≤ –†–§ ¬´–ò—Å–∫—É—Å—Å—Ç–≤–æ. –°–æ–≤–µ—Ä—à–µ–Ω—Å—Ç–≤–æ. –ü—Ä–∏–∑–Ω–∞–Ω–∏–µ¬ª, –∞ —Ç–∞–∫–∂–µ –≤–Ω—É–∫–∞ –∑–Ω–∞–º–µ–Ω–∏—Ç–æ–≥–æ –¥–æ–Ω—Å–∫–æ–≥–æ —Ö—É–¥–æ–∂–Ω–∏–∫–∞ —Å–æ–≤–µ—Ç—Å–∫–æ–≥–æ –≤—Ä–µ–º–µ–Ω–∏ –ì–µ–æ—Ä–≥–∏—è –õ–∞–∑–∞—Ä–µ–≤–∞. 

–í —Ä–∞–º–∫–∞—Ö –≤—Å—Ç—Ä–µ—á–∏ –î–º–∏—Ç—Ä–∏–π –ø–æ–∑–Ω–∞–∫–æ–º–∏—Ç –≥–æ—Å—Ç–µ–π —Å –æ—Å–æ–±–µ–Ω–Ω–æ—Å—Ç—è–º–∏ –µ–≤—Ä–æ–ø–µ–π—Å–∫–æ–≥–æ –∞—Ä—Ç-—Ä—ã–Ω–∫–∞ –∏ —Å–æ–≤—Ä–µ–º–µ–Ω–Ω—ã–º–∏ —Ç–µ–Ω–¥–µ–Ω—Ü–∏—è–º–∏, –≤–µ–¥—å –¥–æ—Å—Ç–∞—Ç–æ—á–Ω–æ –¥–æ–ª–≥–æ–µ –≤—Ä–µ–º—è –æ–Ω –∂–∏–ª –∏ —Ç–≤–æ—Ä–∏–ª –≤ —Å–∞–º–æ–º —Ü–µ–Ω—Ç—Ä–µ –ï–≤—Ä–æ–ø—ã. –¢–∞–∫–∂–µ —Ö—É–¥–æ–∂–Ω–∏–∫ –ø—Ä–µ–¥—Å—Ç–∞–≤–∏—Ç —Å–≤–æ–∏ —Ä–∞–±–æ—Ç—ã –∏ —Ä–∞—Å—Å–∫–∞–∂–µ—Ç –ø—Ä–æ —Ç–æ–Ω–∫–æ—Å—Ç–∏ —Ö—É–¥–æ–∂–µ—Å—Ç–≤–µ–Ω–Ω—ã—Ö —Ç–µ—Ö–Ω–∏–∫, –≤ –∫–æ—Ç–æ—Ä—ã—Ö –≤—ã–ø–æ–ª–Ω–µ–Ω—ã –µ–≥–æ –∫–∞—Ä—Ç–∏–Ω—ã. 

‚åõÔ∏è3 —Ñ–µ–≤—Ä–∞–ª—è, 18:30
–°–±–æ—Ä –≥–æ—Å—Ç–µ–π –≤ 18:00
üéü–í—Ö–æ–¥ —Å–≤–æ–±–æ–¥–Ω—ã–π –ø–æ –ø—Ä–µ–¥–≤–∞—Ä–∏—Ç–µ–ª—å–Ω–æ–π —Ä–µ–≥–∏—Å—Ç—Ä–∞—Ü–∏–∏ –ø–æ —Å—Å—ã–ª–∫–µ –≤ —à–∞–ø–∫–µ –ø—Ä–æ—Ñ–∏–ª—è.

–¶–µ–Ω—Ç—Ä —Å–æ–≤—Ä–µ–º–µ–Ω–Ω–æ–π –∫—É–ª—å—Ç—É—Ä—ã ¬´–°—Ç–µ–ø—å¬ª
—É–ª. –ë–µ—Ä–µ–≥–æ–≤–∞—è, 12

#–≤—ã—Å—Ç–∞–≤–∫–∞—Å—Ç–µ–ø—å #–≤—ã—Å—Ç–∞–≤–∫–∏–≤—Ä–æ—Å—Ç–æ–≤–µ #–¥–∏–∞–ª–æ–≥–∏—Å—Ö—É–¥–æ–∂–Ω–∏–∫–æ–º",0,1.0,api,0,8,0,263,1013,0,2023,1,0,9
13,2023-01-23 09:41:30,"| –í—ã—Å—Ç–∞–≤–∫–∞ ¬´–ó–∏–º–Ω–∏–π —ç—Ç—é–¥¬ª | —ç–∫—Å–ø–æ–∑–∏—Ü–∏—è –ø—Ä–æ–¥–ª–∏—Ç—Å—è –¥–æ 26.02

–î–µ–π—Å—Ç–≤—É—é—â–∞—è —ç–∫—Å–ø–æ–∑–∏—Ü–∏—è ¬´–ó–∏–º–Ω–∏–π —ç—Ç—é–¥¬ª –∫–∞–∂–¥—ã–π –¥–µ–Ω—å —Å–æ–±–∏—Ä–∞–µ—Ç –≤ —Å—Ç–µ–Ω–∞—Ö –¶–°–ö ¬´–°—Ç–µ–ø—å¬ª —Ç–µ—Ö, –∫—Ç–æ –≤–∏–¥–∏—Ç –ø—Ä–µ–∫—Ä–∞—Å–Ω–æ–µ –∏ –Ω–µ—á—Ç–æ —Ç–∞–∏–Ω—Å—Ç–≤–µ–Ω–Ω–æ–µ –≤ —Å–∞–º–æ–º —Ö–æ–ª–æ–¥–Ω–æ–º –≤—Ä–µ–º–µ–Ω–∏ –≥–æ–¥–∞‚ùÑÔ∏è

53 —Ä–∞–±–æ—Ç—ã –≤ —Å–∞–º—ã—Ö —Ä–∞–∑–Ω–æ–æ–±—Ä–∞–∑–Ω—ã—Ö –∂–∞–Ω—Ä–∞—Ö –∏ —Ç–µ—Ö–Ω–∏–∫–∞—Ö —Å–æ–≤—Ä–µ–º–µ–Ω–Ω–æ–≥–æ –∏—Å–∫—É—Å—Å—Ç–≤–∞, –∏ –≤ –∫–∞–∂–¥–æ–π ‚Äì –≤–æ—Å—Ö–∏—â–µ–Ω–∏–µ –æ—Ç –∫—Ä–∞—Å–æ—Ç—ã –∑–∏–º—ã, –ø—Ä–µ–¥–≤–∫—É—à–µ–Ω–∏–µ —á—É–¥–µ—Å –∏ –ø—Ä–∏—è—Ç–Ω–∞—è –Ω–æ—Å—Ç–∞–ª—å–≥–∏—é –ø–æ –¥–µ—Ç—Å—Ç–≤—É.

–ó–¥–µ—Å—å –≤—ã –≤—Å—Ç—Ä–µ—Ç–∏—Ç–µ –∏ —Å—é–∂–µ—Ç –Ω–æ–≤–æ–≥–æ–¥–Ω–µ–≥–æ —É—Ç—Ä–µ–Ω–Ω–∏–∫–∞ –≤ –¥–µ—Ç—Å–∫–æ–º —Å–∞–¥—É –∫–∏—Å—Ç–∏ –ë–µ–ª–æ–∫–æ–±—ã–ª—å—Å–∫–æ–π –í–∏–∫—Ç–æ—Ä–∏–∏, –∏ –ø–æ–≥—Ä—É–∂–µ–Ω–∏–µ –ø—Ä–∏—Ä–æ–¥—ã –≤ –∑–∏–º–Ω–∏–π —Å–æ–Ω –≤ —Ñ–æ—Ä–º–∞—Ç–µ –≤—ã—à–∏–≤–∫–∏ –°–µ–º–µ–Ω–µ–Ω–∫–æ –ê–Ω–Ω—ã, –∏ –∑–∏–º–Ω–∏–π –≥–æ—Ä–æ–¥—Å–∫–æ–π –ø–µ–π–∑–∞–∂, –≤—ã–ø–æ–ª–Ω–µ–Ω–Ω—ã–π –≤ —Ç–µ—Ö–Ω–∏–∫–µ –≤–æ–ª—à–µ–±–Ω–æ–π –∞–∫–≤–∞—Ä–µ–ª–∏ –ú–æ—Ç—ã–∫–∞–ª—å—Å–∫–æ–π –ò—Ä–∏–Ω–æ–π.

–ü–æ–∫–∞ –∑–∏–º–∞ –µ—â–µ —Ü–∞—Ä–∏—Ç –≤ –Ω–∞—à–µ–º —é–∂–Ω–æ–º –≥–æ—Ä–æ–¥–µ, –∞ –≤—ã—Å—Ç–∞–≤–∫–∞ –Ω–µ —Å–º–µ–Ω–∏–ª–∞—Å—å –Ω–∞ –Ω–æ–≤—É—é, –ø—Ä–∏—Ö–æ–¥–∏—Ç–µ –∑–∞ –≤–¥–æ—Ö–Ω–æ–≤–µ–Ω–∏–µ–º!

‚è≥–í—Ç-–í—Å: 12:00 ‚Äì 20:00
üéü–í—Ö–æ–¥ —Å–≤–æ–±–æ–¥–Ω—ã–π

–¶–µ–Ω—Ç—Ä —Å–æ–≤—Ä–µ–º–µ–Ω–Ω–æ–π –∫—É–ª—å—Ç—É—Ä—ã ¬´–°—Ç–µ–ø—å¬ª
—É–ª. –ë–µ—Ä–µ–≥–æ–≤–∞—è, 12

#–∏—Å–∫—É—Å—Å—Ç–≤–æ—Ä–æ—Å—Ç–æ–≤ #–∂–∏–≤–æ–ø–∏—Å—å—Ä–æ—Å—Ç–æ–≤ #–≤—ã—Å—Ç–∞–≤–∫–∏—Ä–æ—Å—Ç–æ–≤",0,1.0,api,0,13,2,289,884,0,2023,1,0,9
14,2023-01-14 08:11:21,"–õ–ï–ö–¶–ò–Ø | –ö–∞–∫ —Å–ª—É—à–∞—Ç—å –∫–ª–∞—Å—Å–∏—á–µ—Å–∫—É—é –º—É–∑—ã–∫—É: –∫—Ä–∞—Ç–∫–∏–π –ø—É—Ç–µ–≤–æ–¥–∏—Ç–µ–ª—å |

–ü—Ä–∏–≥–ª–∞—à—ë–Ω–Ω—ã–π –ª–µ–∫—Ç–æ—Ä: –°–µ—Ä–≥–µ–π –ë—É—Ä–ª–∞–∫–∞ - –∞–ª—å—Ç–∏—Å—Ç, –≤—ã–ø—É—Å–∫–Ω–∏–∫ –ú–æ—Å–∫–æ–≤—Å–∫–æ–π –∫–æ–Ω—Å–µ—Ä–≤–∞—Ç–æ—Ä–∏–∏ –∏ –∞–≤—Ç–æ—Ä –ª–µ–∫—Ü–∏–π –æ –∫–ª–∞—Å—Å–∏—á–µ—Å–∫–æ–π –º—É–∑—ã–∫–µ. –°–µ—Ä–≥–µ–π –≤—ã—Å—Ç—É–ø–∞–ª –≤ –æ—Ä–∫–µ—Å—Ç—Ä–µ –ø–æ–¥ —Ä—É–∫–æ–≤–æ–¥—Å—Ç–≤–æ–º —Ç–∞–∫–∏—Ö –≤–µ–ª–∏–∫–∏—Ö –¥–∏—Ä–∏–∂—ë—Ä–æ–≤, –∫–∞–∫ –í.–¢. –°–ø–∏–≤–∞–∫–æ–≤, –Æ.–ò. –°–∏–º–æ–Ω–æ–≤, –ú.–ë. –ì–æ—Ä–µ–Ω—à—Ç–µ–π–Ω.

‚è≥28 —è–Ω–≤–∞—Ä—è, —Å–±–æ—Ä –≥–æ—Å—Ç–µ–π 18:00
üéüÔ∏è–°—Ç–æ–∏–º–æ—Å—Ç—å –±–∏–ª–µ—Ç–∞: 
‚Ä¢ 1000‚ÇΩ - –∞–º—Ñ–∏—Ç–µ–∞—Ç—Ä 
‚Ä¢ 1500‚ÇΩ - –¥–∏–≤–∞–Ω—ã

¬´–ö–∞–∫ —Å–ª—É—à–∞—Ç—å –∫–ª–∞—Å—Å–∏—á–µ—Å–∫—É—é –º—É–∑—ã–∫—É: –∫—Ä–∞—Ç–∫–∏–π –ø—É—Ç–µ–≤–æ–¥–∏—Ç–µ–ª—å¬ª ‚Äì –Ω–µ –ø—Ä–æ—Å—Ç–æ –ª–µ–∫—Ü–∏—è. –≠—Ç–æ –Ω–∞—Å—Ç–æ—è—â–∏–π –ø—Ä–æ–µ–∫—Ç –æ –∫–ª–∞—Å—Å–∏—á–µ—Å–∫–æ–π –º—É–∑—ã–∫–µ ‚Äì –æ —Ç–æ–º, —á—Ç–æ –Ω–∞–º –º–µ—à–∞–µ—Ç –µ—é –Ω–∞—Å–ª–∞–∂–¥–∞—Ç—å—Å—è, –∏ —á—Ç–æ –Ω—É–∂–Ω–æ –∑–Ω–∞—Ç—å, —á—Ç–æ–±—ã –µ–µ –ø–æ–ª—é–±–∏—Ç—å. –†–µ—á—å –ø–æ–π–¥–µ—Ç –Ω–µ –æ —Å–∫—É—á–Ω–æ–π –º—É–∑—ã–∫–∞–ª—å–Ω–æ–π —Ç–µ–æ—Ä–∏–∏ –∏–ª–∏ —Å–ª–æ–∂–Ω—ã—Ö —Ç–µ—Ä–º–∏–Ω–∞—Ö, –∞ —Ç–æ–º, —á—Ç–æ –ø–æ–¥–ª–∏–Ω–Ω–æ–µ –ø—Ä–æ–∏–∑–≤–µ–¥–µ–Ω–∏–µ –∏—Å–∫—É—Å—Å—Ç–≤–∞ –æ—Ç–≤–µ—á–∞–µ—Ç –Ω–∞ —Å–∞–º—ã–µ –≥–ª—É–±–∏–Ω–Ω—ã–µ –≤–æ–ø—Ä–æ—Å—ã —á–µ–ª–æ–≤–µ–∫–∞. 

¬´–ú—É–∑—ã–∫–∞ - —ç—Ç–æ —è–∑—ã–∫, –∫–æ—Ç–æ—Ä—ã–π –Ω—É–∂–Ω–æ –Ω–∞—É—á–∏—Ç—å—Å—è –ø–æ–Ω–∏–º–∞—Ç—å. –î–ª—è —ç—Ç–æ–≥–æ –Ω—É–∂–Ω–æ –µ–µ –Ω–∞—É—á–∏—Ç—å—Å—è —Å–ª—É—à–∞—Ç—å –∏ —Å–ª—ã—à–∞—Ç—å¬ª.

–°–µ—Ä–≥–µ–π –ë—É—Ä–ª–∞–∫–∞, –ø—Ä–æ—Ñ–µ—Å—Å–∏–æ–Ω–∞–ª—å–Ω—ã–π –º—É–∑—ã–∫–∞–Ω—Ç –∏ –∞–≤—Ç–æ—Ä –ª–µ–∫—Ü–∏–π –æ –º—É–∑—ã–∫–µ, —Ä–∞—Å—Å–∫–∞–∂–µ—Ç –≥–æ—Å—Ç—è–º [club216229743|–¶–µ–Ω—Ç—Ä —Å–æ–≤—Ä–µ–º–µ–Ω–Ω–æ–π –∫—É–ª—å—Ç—É—Ä—ã ¬´–°–¢–ï–ü–¨¬ª] , –∫–∞–∫ —Å–ª–µ–¥–∏—Ç—å –∑–∞ –º—É–∑—ã–∫–æ–π –Ω–∞ –∫–æ–Ω—Ü–µ—Ä—Ç–µ –∏ –∫–∞–∫ –ø–æ–Ω–∏–º–∞—Ç—å —Å—Ç—Ä—É–∫—Ç—É—Ä—É –∫–ª–∞—Å—Å–∏—á–µ—Å–∫–æ–≥–æ –ø—Ä–æ–∏–∑–≤–µ–¥–µ–Ω–∏—è –∏ —Ö–∞—Ä–∞–∫—Ç–µ—Ä —Ä–∞–∑–Ω—ã—Ö –µ–≥–æ —á–∞—Å—Ç–µ–π.

‚ñ™Ô∏è28 —è–Ω–≤–∞—Ä—è, —Å–±–æ—Ä –≥–æ—Å—Ç–µ–π 18:00
üéü—Å—Å—ã–ª–∫–∞ –Ω–∞ –±–∏–ª–µ—Ç—ã –≤ —à–∞–ø–∫–µ –ø—Ä–æ—Ñ–∏–ª—è 

–¶–µ–Ω—Ç—Ä —Å–æ–≤—Ä–µ–º–µ–Ω–Ω–æ–π –∫—É–ª—å—Ç—É—Ä—ã ¬´–°—Ç–µ–ø—å¬ª
—É–ª. –ë–µ—Ä–µ–≥–æ–≤–∞—è, 12",0,1.0,api,0,6,2,335,1230,0,2023,1,5,8
15,2023-01-14 08:04:07,,0,0.0,vk,0,11,1,303,0,1,2023,1,5,8
16,2023-01-11 09:42:52,"¬´–°–ø–∞—Å–∏—Ç–µ–ª—å –º–∏—Ä–∞¬ª –∫–∏—Å—Ç–∏ –õ–µ–æ–Ω–∞—Ä–¥–æ –¥–∞ –í–∏–Ω—á–∏ ‚Äì —Å–∞–º–∞—è –¥–æ—Ä–æ–≥–∞—è –≤ –º–∏—Ä–µ –∫–∞—Ä—Ç–∏–Ω–∞, –ø—Ä–æ–¥–∞–Ω–Ω–∞—è –Ω–∞ –∞—É–∫—Ü–∏–æ–Ω–µ –∑–∞ $450,3 –º–ª–Ω. 
 
–†–µ–∫–æ—Ä–¥, –∫–æ—Ç–æ—Ä—ã–π –¥–µ–º–æ–Ω—Å—Ç—Ä–∏—Ä—É–µ—Ç, —á—Ç–æ —É –ª—é–±–≤–∏ –∫ –∂–∏–≤–æ–ø–∏—Å–∏ ‚Äì –Ω–µ—Ç –ø—Ä–µ–¥–µ–ª–æ–≤! 
 
–ï—Å–ª–∏ –∏ –≤—ã —Ç–∞–∫ –∂–µ, –∫–∞–∫ –∏ –≤–ª–∞–¥–µ–ª–µ—Ü —ç—Ç–æ–≥–æ —à–µ–¥–µ–≤—Ä–∞, –ª—é–±–∏—Ç–µ –∫–æ–ª–ª–µ–∫—Ü–∏–æ–Ω–∏—Ä–æ–≤–∞—Ç—å –ø—Ä–æ–∏–∑–≤–µ–¥–µ–Ω–∏—è –∏—Å–∫—É—Å—Å—Ç–≤–∞, –ø–æ–º–Ω–∏—Ç–µ, —á—Ç–æ –ª—é–±—É—é —Ä–∞–±–æ—Ç—É, –∫–æ—Ç–æ—Ä–∞—è –ø—Ä–µ–¥—Å—Ç–∞–≤–ª–µ–Ω–∞ –Ω–∞ –≤—ã—Å—Ç–∞–≤–∫–∞—Ö –≤ [club216229743|–¶–µ–Ω—Ç—Ä —Å–æ–≤—Ä–µ–º–µ–Ω–Ω–æ–π –∫—É–ª—å—Ç—É—Ä—ã ¬´–°–¢–ï–ü–¨¬ª] , –º–æ–∂–Ω–æ –ø—Ä–∏–æ–±—Ä–µ—Å—Ç–∏üñº 
 
–î–ª—è —ç—Ç–æ–≥–æ –ø–µ—Ä–µ—Ö–æ–¥–∏—Ç–µ –ø–æ QR-–∫–æ–¥—É, —Ä–∞—Å–ø–æ–ª–æ–∂–µ–Ω–Ω–æ–º—É —Ä—è–¥–æ–º —Å —Ä–∞–±–æ—Ç–æ–π, —á—Ç–æ–±—ã –æ–∑–Ω–∞–∫–æ–º–∏—Ç—å—Å—è —Å–æ —Å—Ç–æ–∏–º–æ—Å—Ç—å—é, –∏ –æ–±—Ä–∞—â–∞–π—Ç–µ—Å—å –∫ —Å–æ—Ç—Ä—É–¥–Ω–∏–∫—É –¶–µ–Ω—Ç—Ä–∞. 
 
–¶–µ–Ω—Ç—Ä —Å–æ–≤—Ä–µ–º–µ–Ω–Ω–æ–π –∫—É–ª—å—Ç—É—Ä—ã ¬´–°—Ç–µ–ø—å¬ª 
—É–ª. –ë–µ—Ä–µ–≥–æ–≤–∞—è, 12",0,1.0,vk,2,7,1,408,610,1,2023,1,2,9
17,2023-01-11 09:41:59,"–õ–ï–ö–¶–ò–Ø | –§–∏–ª–æ—Å–æ—Ñ–∏—è –∏—Å–∫—É—Å—Å—Ç–≤–∞ –∫–∏—Ç–∞–π—Å–∫–æ–π –∫–∞–ª–ª–∏–≥—Ä–∞—Ñ–∏–∏ | 
 
–õ–µ–∫—Ç–æ—Ä: –í–µ—Ä–∞ –ö–æ–ª–µ—Å–æ–≤–∞ - –∫—É–ª—å—Ç—É—Ä–æ–ª–æ–≥, –≤–æ—Å—Ç–æ–∫–æ–≤–µ–¥, –ª–∏–Ω–≥–≤–∏—Å—Ç, –≤—ã–ø—É—Å–∫–Ω–∏—Ü–∞ –ú–æ—Å–∫–æ–≤—Å–∫–æ–≥–æ –≥–æ—Å—É–¥–∞—Ä—Å—Ç–≤–µ–Ω–Ω–æ–≥–æ –ª–∏–Ω–≥–≤–∏—Å—Ç–∏—á–µ—Å–∫–æ–≥–æ –≤—É–∑–∞. 
 
‚è≥22 —è–Ω–≤–∞—Ä—è, 18:00 
üéü–°—Ç–æ–∏–º–æ—Å—Ç—å –±–∏–ª–µ—Ç–∞: 1500 ‚ÇΩ 
 
–ö–∏—Ç–∞–π—Å–∫–∞—è –∫–∞–ª–ª–∏–≥—Ä–∞—Ñ–∏—è - —ç—Ç–æ –∏—Å–∫—É—Å—Å—Ç–≤–æ –∏ –Ω–µ–≤–µ—Ä–æ—è—Ç–Ω—ã–π —Ñ–µ–Ω–æ–º–µ–Ω, –∫–æ—Ç–æ—Ä—ã–π –¥–æ —Å–∏—Ö –ø–æ—Ä —Ö—Ä–∞–Ω–∏—Ç –≤ —Å–µ–±–µ —Ç–∞–π–Ω—ã —Ñ–∏–ª–æ—Å–æ—Ñ–∏–∏ –∫—É–ª—å—Ç—É—Ä—ã –ö–∏—Ç–∞—è. –≠—Ç–æ –Ω–µ —Ç–æ–ª—å–∫–æ —Å—Ä–µ–¥—Å—Ç–≤–æ –æ–±—â–µ–Ω–∏—è, –¥–ª—è —Ö—É–¥–æ–∂–Ω–∏–∫–∞ ‚Äì —ç—Ç–æ –∏–Ω—Å—Ç—Ä—É–º–µ–Ω—Ç –≤—ã—Ä–∞–∂–µ–Ω–∏—è –µ–≥–æ –≤–Ω—É—Ç—Ä–µ–Ω–Ω–µ–≥–æ –º–∏—Ä–∞, –ø–æ—ç—Ç–æ–º—É –∫–∞–∂–¥—ã–π –º–∞—Å—Ç–µ—Ä –æ–¥–Ω–æ–≤—Ä–µ–º–µ–Ω–Ω–æ —è–≤–ª—è–µ—Ç—Å—è –∏ –∫–∞–ª–ª–∏–≥—Ä–∞—Ñ–æ–º, –∏ —Ö—É–¥–æ–∂–Ω–∏–∫–æ–º. 
 
–ù–∞ –ª–µ–∫—Ü–∏–∏ –≤—ã –ø–æ–∑–Ω–∞–∫–æ–º–∏—Ç–µ—Å—å: 
‚ñ´—Å –∏—Å—Ç–æ—Ä–∏–µ–π –ø–æ—è–≤–ª–µ–Ω–∏—è –ø–µ—Ä–≤—ã—Ö –∏–µ—Ä–æ–≥–ª–∏—Ñ–æ–≤ 
‚ñ´—Å –æ—Å–Ω–æ–≤–Ω—ã–º–∏ —Å—Ç–∏–ª—è–º–∏ –∏ —Ç–µ—á–µ–Ω–∏—è–º–∏, —Å—Ñ–æ—Ä–º–∏—Ä–æ–≤–∞–Ω–Ω—ã–º–∏ –∑–∞ –≤—Å—é –∏—Å—Ç–æ—Ä–∏—é –ø–æ—è–≤–ª–µ–Ω–∏—è –∏–µ—Ä–æ–≥–ª–∏—Ñ–∏–∫–∏ 
‚ñ´—Å —Å–æ–≤—Ä–µ–º–µ–Ω–Ω—ã–º –ø–æ–ª–æ–∂–µ–Ω–∏–µ–º –∏–µ—Ä–æ–≥–ª–∏—Ñ–∏–∫–∏ ‚Äì –∫–∞–∫ –æ–Ω–∞ —Ä–∞–∑–≤–∏–≤–∞–µ—Ç—Å—è –∏ —Ç—Ä–∞–Ω—Å—Ñ–æ—Ä–º–∏—Ä—É–µ—Ç—Å—è –≤ –Ω–∞—à–∏ –¥–Ω–∏ –≤ —Ä–∞–º–∫–∞—Ö —Å–æ–≤—Ä–µ–º–µ–Ω–Ω–æ–≥–æ –∫–∏—Ç–∞–π—Å–∫–æ–≥–æ –∏—Å–∫—É—Å—Å—Ç–≤–∞. 
 
–û—Ç–ø—Ä–∞–∑–¥–Ω—É–µ–º –ö–∏—Ç–∞–π—Å–∫–∏–π –ù–æ–≤—ã–π –≥–æ–¥ –≤–º–µ—Å—Ç–µ üêâ 
–í —Ä–∞–º–∫–∞—Ö –º–µ—Ä–æ–ø—Ä–∏—è—Ç–∏—è –¥–ª—è –≤–∞—Å –ø—Ä–æ–∑–≤—É—á–∏—Ç –∫–∏—Ç–∞–π—Å–∫–∞—è –Ω–∞—Ä–æ–¥–Ω–∞—è –∏–Ω—Å—Ç—Ä—É–º–µ–Ω—Ç–∞–ª—å–Ω–∞—è –º—É–∑—ã–∫–∞, –∞ —Ç–∞–∫–∂–µ –ø—Ä–æ–π–¥—ë—Ç —Ç—Ä–∞–¥–∏—Ü–∏–æ–Ω–Ω–∞—è —á–∞–π–Ω–∞—è —Ü–µ—Ä–µ–º–æ–Ω–∏—è. –í –∫–æ–Ω—Ü–µ –≤–µ—á–µ—Ä–∞ –≤ –∫–∞—á–µ—Å—Ç–≤–µ –∫–æ–º–ø–ª–∏–º–µ–Ω—Ç–∞ –≥–æ—Å—Ç–∏ –ø–æ–ª—É—á–∞—Ç –∫–∏—Ç–∞–π—Å–∫–æ–µ –ø–µ—á–µ–Ω—å–µ —Å –ø—Ä–µ–¥—Å–∫–∞–∑–∞–Ω–∏—è–º–∏. 
 
‚ñ™22 —è–Ω–≤–∞—Ä—è, 18:00 
‚ñ™–°—Ç–æ–∏–º–æ—Å—Ç—å ‚Äî 1500 ‚ÇΩ 
‚ñ™–°—Å—ã–ª–∫–∞ –Ω–∞ –±–∏–ª–µ—Ç—ã ‚Äì –≤ —à–∞–ø–∫–µ –ø—Ä–æ—Ñ–∏–ª—è. 
 
‚ùï–ü—Ä–∏–≤–µ—Ç—Å—Ç–≤—É–µ—Ç—Å—è —Ç–µ–º–∞—Ç–∏—á–µ—Å–∫–∏–π dress code 
 
–¶–µ–Ω—Ç—Ä —Å–æ–≤—Ä–µ–º–µ–Ω–Ω–æ–π –∫—É–ª—å—Ç—É—Ä—ã ¬´–°—Ç–µ–ø—å¬ª 
—É–ª. –ë–µ—Ä–µ–≥–æ–≤–∞—è, 12 
 
#—Å—Ç–µ–ø—å #–∏—Å–∫—É—Å—Å—Ç–≤–æ—Å—Ç–µ–ø—å #–ª–µ–∫—Ü–∏–∏—Ä–æ—Å—Ç–æ–≤ #–∏—Å–∫—É—Å—Å—Ç–≤–æ—Ä–æ—Å—Ç–æ–≤ #–≤—ã—Å—Ç–∞–≤–∫–∏—Ä–æ—Å—Ç–æ–≤",0,1.0,vk,0,9,2,358,1333,1,2023,1,2,9
18,2023-01-06 12:47:52,"| –ê—Ñ–∏—à–∞ –º–µ—Ä–æ–ø—Ä–∏—è—Ç–∏–π | —è–Ω–≤–∞—Ä—å 

–í—Å—Ç—Ä–µ—á–∞–µ–º –≥–æ–¥ —Å –¥–≤—É—Ö —è—Ä–∫–∏—Ö –∏ —Ä–∞–∑–Ω—ã—Ö –ª–µ–∫—Ü–∏–π –æ–± –∏—Å–∫—É—Å—Å—Ç–≤–µ ‚Äì –æ –º—É–∑—ã–∫–µ –∏ –∫–∏—Ç–∞–π—Å–∫–æ–π –∫–∞–ª–ª–∏–≥—Ä–∞—Ñ–∏–∏:

‚Ä¢ 22 —è–Ω–≤–∞—Ä—è | 18:00
–õ–µ–∫—Ü–∏—è ¬´–§–∏–ª–æ—Å–æ—Ñ–∏—è –∏—Å–∫—É—Å—Å—Ç–≤–∞ –∫–∏—Ç–∞–π—Å–∫–æ–π –∫–∞–ª–ª–∏–≥—Ä–∞—Ñ–∏–∏¬ª. –ß–∏—Ç–∞–µ—Ç –í–µ—Ä–∞ –ö–æ–ª–µ—Å–æ–≤–∞ ‚Äì –ø—Ä–∏–≥–ª–∞—à—ë–Ω–Ω—ã–π –ª–µ–∫—Ç–æ—Ä, –∫—É–ª—å—Ç—É—Ä–æ–ª–æ–≥, –≤–æ—Å—Ç–æ–∫–æ–≤–µ–¥, –ª–∏–Ω–≥–≤–∏—Å—Ç, –≤—ã–ø—É—Å–∫–Ω–∏—Ü–∞ –ú–æ—Å–∫–æ–≤—Å–∫–æ–≥–æ –≥–æ—Å—É–¥–∞—Ä—Å—Ç–≤–µ–Ω–Ω–æ–≥–æ –ª–∏–Ω–≥–≤–∏—Å—Ç–∏—á–µ—Å–∫–æ–≥–æ –≤—É–∑–∞.

‚Ä¢ 28 —è–Ω–≤–∞—Ä—è | 18:00
–õ–µ–∫—Ü–∏—è ¬´–ö–∞–∫ —Å–ª—É—à–∞—Ç—å –∫–ª–∞—Å—Å–∏—á–µ—Å–∫—É—é –º—É–∑—ã–∫—É: –∫—Ä–∞—Ç–∫–∏–π –ø—É—Ç–µ–≤–æ–¥–∏—Ç–µ–ª—å¬ª. –ü—Ä–∏–≥–ª–∞—à–µ–Ω–Ω—ã–π –ª–µ–∫—Ç–æ—Ä –°–µ—Ä–≥–µ–π –ë—É—Ä–ª–∞–∫–∞ ‚Äì –∞–ª—å—Ç–∏—Å—Ç, –≤—ã–ø—É—Å–∫–Ω–∏–∫ –ú–æ—Å–∫–æ–≤—Å–∫–æ–π –∫–æ–Ω—Å–µ—Ä–≤–∞—Ç–æ—Ä–∏–∏, —Å–æ–∑–¥–∞—Ç–µ–ª—å –∞–≤—Ç–æ—Ä—Å–∫–∏—Ö –ª–µ–∫—Ü–∏–π –æ –∫–ª–∞—Å—Å–∏—á–µ—Å–∫–æ–π –º—É–∑—ã–∫–µ. –í—ã—Å—Ç—É–ø–∞–ª –≤ –æ—Ä–∫–µ—Å—Ç—Ä–µ –ø–æ–¥ —Ä—É–∫–æ–≤–æ–¥—Å—Ç–≤–æ–º —Ç–∞–∫–∏—Ö –¥–∏—Ä–∏–∂—ë—Ä–æ–≤, –∫–∞–∫ –í.–¢. –°–ø–∏–≤–∞–∫–æ–≤, –Æ.–ò. –°–∏–º–æ–Ω–æ–≤, –ú.–ë. –ì–æ—Ä–µ–Ω—à—Ç–µ–π–Ω.

–í—Å—Ç—Ä–µ—á–∞–µ–º –∏ –ø–æ–≥—Ä—É–∂–∞–µ–º—Å—è –≤ –º–∏—Ä —Å–æ–≤—Ä–µ–º–µ–Ω–Ω–æ–≥–æ –∏—Å–∫—É—Å—Å—Ç–≤–∞ ‚Äì –≤ [club216229743|–¶–µ–Ω—Ç—Ä —Å–æ–≤—Ä–µ–º–µ–Ω–Ω–æ–π –∫—É–ª—å—Ç—É—Ä—ã ¬´–°–¢–ï–ü–¨¬ª] üåæ

–ü—Ä–∏–æ–±—Ä–µ—Ç–∞–π—Ç–µ –±–∏–ª–µ—Ç—ã –ø–æ —Å—Å—ã–ª–∫–µ –≤ —à–∞–ø–∫–µ –ø—Ä–æ—Ñ–∏–ª—è. 

–¶–µ–Ω—Ç—Ä —Å–æ–≤—Ä–µ–º–µ–Ω–Ω–æ–π –∫—É–ª—å—Ç—É—Ä—ã ¬´–°—Ç–µ–ø—å¬ª
—É–ª. –ë–µ—Ä–µ–≥–æ–≤–∞—è, 12",0,1.0,api,0,9,1,368,872,0,2023,1,4,12
19,2022-12-31 08:02:25,"–ò—Å–∫—É—Å—Å—Ç–≤–æ ‚Äì –Ω–µ —Ç–æ–ª—å–∫–æ –≤ –ø–æ–ª–æ—Ç–Ω–∞—Ö –∫–∞—Ä—Ç–∏–Ω –∏ –ø—Ä–µ–∫—Ä–∞—Å–Ω—ã—Ö –∏–∑–≤–∞—è–Ω–∏—è—Ö. –û–Ω–æ –ø–æ–≤—Å—é–¥—É, –∏ –µ–≥–æ –ø—Ä–æ—è–≤–ª–µ–Ω–∏—è –º–Ω–æ–≥–æ–ª–∏–∫–∏!

–°–æ–ø—Ä–∏–∫–∞—Å–∞—è—Å—å –≤ —Å—Ç–µ–Ω–∞—Ö [club216229743|–¶–µ–Ω—Ç—Ä —Å–æ–≤—Ä–µ–º–µ–Ω–Ω–æ–π –∫—É–ª—å—Ç—É—Ä—ã ¬´–°–¢–ï–ü–¨¬ª] —Å—Ä–∞–∑—É —Å–æ –≤—Å–µ–º –µ–≥–æ –º–Ω–æ–≥–æ–æ–±—Ä–∞–∑–∏–µ–º, –≤—ã –ø–æ–∑–≤–æ–ª—è–µ—Ç–µ —á—É–¥–µ—Å–∞–º —Å–ª—É—á–∞—Ç—å—Å—è! –ñ–∏–≤–æ–ø–∏—Å—å, –≥—Ä–∞—Ñ–∏–∫–∞, –∏–Ω—Å—Ç–∞–ª–ª—è—Ü–∏–∏, —Å–∫—É–ª—å–ø—Ç—É—Ä–∞, —Ç–µ–∞—Ç—Ä, –º—É–∑—ã–∫–∞, –±–∞–ª–µ—Ç, –∏ –≤—ã –ø–æ–Ω–µ–º–Ω–æ–≥—É –Ω–∞—á–∏–Ω–∞–µ—Ç–µ –≤–∏–¥–µ—Ç—å —Ç–æ, —á—Ç–æ –≤ –ø–æ–≤—Å–µ–¥–Ω–µ–≤–Ω–æ–π –∂–∏–∑–Ω–∏ –ø—Ä–æ—Å—Ç–æ –Ω–µ –∑–∞–º–µ—á–∞–ª–∏, –∏, –Ω–µ—Ä–µ–¥–∫–æ, –º–µ–Ω—è–µ—Ç–µ—Å—å —Å–∞–º–∏. 

–ü—É—Å—Ç—å –∂–µ —ç—Ç–∏ –∏–∑–º–µ–Ω–µ–Ω–∏—è –æ—Ç –∑–Ω–∞–∫–æ–º—Å—Ç–≤–∞ —Å –∏—Å–∫—É—Å—Å—Ç–≤–æ–º –Ω–µ –ø–µ—Ä–µ—Å—Ç–∞—é—Ç –ø—Ä–æ—è–≤–ª—è—Ç—å—Å—è, –∞ —á—É–¥–µ—Å–∞ —Å–ª—É—á–∞—é—Ç—Å—è –∫–∞–∫ –º–æ–∂–Ω–æ —á–∞—â–µ ‚Äì –≤ –∫–∞–∂–¥–æ–º –º–≥–Ω–æ–≤–µ–Ω–∏–∏ –∂–∏–∑–Ω–∏.

–° –Ω–∞—Å—Ç—É–ø–∞—é—â–∏–º –ù–æ–≤—ã–º –≥–æ–¥–æ–º!üéä

–†–µ–∂–∏–º —Ä–∞–±–æ—Ç—ã –¶–µ–Ω—Ç—Ä–∞ –≤ –Ω–æ–≤–æ–≥–æ–¥–Ω–∏–µ –ø—Ä–∞–∑–¥–Ω–∏–∫–∏:
‚Ä¢ 31.12-09.01 ‚Äì –≤—ã—Ö–æ–¥–Ω—ã–µ 
‚Ä¢ —Å 10.01 ‚Äì –≤ –æ–±—ã—á–Ω–æ–º —Ä–µ–∂–∏–º–µ —Å 12:00 –¥–æ 20:00

–¶–µ–Ω—Ç—Ä —Å–æ–≤—Ä–µ–º–µ–Ω–Ω–æ–π –∫—É–ª—å—Ç—É—Ä—ã ¬´–°—Ç–µ–ø—å¬ª
—É–ª. –ë–µ—Ä–µ–≥–æ–≤–∞—è, 12",0,1.0,api,0,10,0,317,759,0,2022,12,5,8
20,2022-12-29 18:51:28,"–ì—É–ª—è–µ–º –ø–æ –Ω–∞–±–µ—Ä–µ–∂–Ω–æ–π –≤–º–µ—Å—Ç–µ —Å @centr.step.

–¶–µ–Ω—Ç—Ä —Å–æ–≤—Ä–µ–º–µ–Ω–Ω–æ–π –∫—É–ª—å—Ç—É—Ä—ã ¬´–°—Ç–µ–ø—å¬ª –Ω–∞—Ö–æ–¥–∏—Ç—Å—è –Ω–∞ —Å—Ç–∞—Ä–µ–π—à–µ–π —É–ª–∏—Ü–µ –≥–æ—Ä–æ–¥–∞ –∏ –≥–ª–∞–≤–Ω–æ–π –µ–µ –¥–æ—Å—Ç–æ–ø—Ä–∏–º–µ—á–∞—Ç–µ–ª—å–Ω–æ—Å—Ç–∏ - –Ω–∞–±–µ—Ä–µ–∂–Ω–æ–π –î–æ–Ω–∞. –ë–æ–ª–µ–µ –≤–µ–∫–∞ –∑–¥–µ—Å—å –∫–∏–ø–∏—Ç —Ç–æ—Ä–≥–æ–≤–∞—è –∏ —ç–∫–æ–Ω–æ–º–∏—á–µ—Å–∫–∞—è –∂–∏–∑–Ω—å, –∞ —Å–µ–≥–æ–¥–Ω—è –µ—â–µ –∏ –∫—É–ª—å—Ç—É—Ä–Ω–∞—è! 

–ü—Ä–µ–¥–ª–∞–≥–∞–µ–º –≤–º–µ—Å—Ç–µ —Å –Ω–∞–º–∏ –æ—Ç–ø—Ä–∞–≤–∏—Ç—å—Å—è –Ω–∞ –∑–∏–º–Ω—é—é –ø—Ä–æ–≥—É–ª–∫—É –ø–æ –Ω–∞–±–µ—Ä–µ–∂–Ω–æ–π. –°–æ—Ö—Ä–∞–Ω—è–µ—Ç–µ –º–∞—Ä—à—Ä—É—Ç –æ—Ç –¶–°–ö ¬´–°—Ç–µ–ø—å¬ª:

‚Ä¢ –°–ø—É—Å–∫–∞–π—Ç–µ—Å—å –∫ –Ω–∞–±–µ—Ä–µ–∂–Ω–æ–π, –ª—é–±—É–π—Ç–µ—Å—å –î–æ–Ω–æ–º, –ø—Ä–æ–ø–ª—ã–≤–∞—é—â–∏–º–∏ —Ç–µ–ø–ª–æ—Ö–æ–¥–∞–º–∏ –∏ –¥–æ—Å—Ç–æ–ø—Ä–∏–º–µ—á–∞—Ç–µ–ª—å–Ω–æ—Å—Ç—è–º–∏. 
‚Ä¢ –ê –µ—Å–ª–∏ –∑–∞–º–µ—Ä–∑–ª–∏, —Å–æ–≥—Ä–µ–π—Ç–µ—Å—å –≥–æ—Ä—è—á–∏–º–∏ –Ω–∞–ø–∏—Ç–∫–∞–º–∏ –∏ —Ñ–∏—Ä–º–µ–Ω–Ω—ã–º–∏ –¥–µ—Å–µ—Ä—Ç–∞–º–∏ –≤ —Ä–µ—Å—Ç–æ—Ä–∞–Ω–µ @vysota_5642_rostov –≥–¥–µ –ø—Ä–µ–¥—Å—Ç–∞–≤–ª–µ–Ω—ã —Ä–∞–±–æ—Ç—ã –¥–æ–Ω—Å–∫–∏—Ö —Ö—É–¥–æ–∂–Ω–∏–∫–æ–≤. 
‚Ä¢ –ü—Ä–æ–¥–æ–ª–∂–∏—Ç—å —É–≤–ª–µ–∫–∞—Ç–µ–ª—å–Ω–æ–µ –ø–æ–≥—Ä—É–∂–µ–Ω–∏–µ –≤ –∏—Å–∫—É—Å—Å—Ç–≤–æ –º–æ–∂–Ω–æ –ø–æ—Å–µ—Ç–∏–≤ –≤—ã—Å—Ç–∞–≤–∫—É ¬´–ó–∏–º–Ω–∏–π —ç—Ç—é–¥¬ª. –ù–µ –ø–æ–∫–∏–¥–∞—è —Ä–µ—Å—Ç–æ—Ä–∞–Ω–∞, —Å–ø—É—Å–∫–∞–π—Ç–µ—Å—å –≤ —Å–æ–≤—Ä–µ–º–µ–Ω–Ω–æ–µ –∫—É–ª—å—Ç—É—Ä–Ω–æ–µ –ø—Ä–æ—Å—Ç—Ä–∞–Ω—Å—Ç–≤–æ –Ω–∞—à–µ–≥–æ —Ü–µ–Ω—Ç—Ä–∞ –∏ –ª—é–±—É–π—Ç–µ—Å—å —Ä–∞–±–æ—Ç–∞–º–∏ –¥–æ–Ω—Å–∫–∏—Ö –∞–≤—Ç–æ—Ä–æ–≤.

üéü–í—Ö–æ–¥ —Å–≤–æ–±–æ–¥–Ω—ã–π

–†–µ–∂–∏–º —Ä–∞–±–æ—Ç—ã —Ü–µ–Ω—Ç—Ä–∞ –≤ –Ω–æ–≤–æ–≥–æ–¥–Ω–∏–µ –ø—Ä–∞–∑–¥–Ω–∏–∫–∏:
‚Ä¢ 31.12-09.01 ‚Äì –≤—ã—Ö–æ–¥–Ω—ã–µ 
‚Ä¢ —Å 10.01 ‚Äì –≤ –æ–±—ã—á–Ω–æ–º —Ä–µ–∂–∏–º–µ —Å 12:00 –¥–æ 20:00

–¶–µ–Ω—Ç—Ä —Å–æ–≤—Ä–µ–º–µ–Ω–Ω–æ–π –∫—É–ª—å—Ç—É—Ä—ã ¬´–°—Ç–µ–ø—å¬ª
—É–ª. –ë–µ—Ä–µ–≥–æ–≤–∞—è, 12",0,1.0,api,0,12,0,284,1008,0,2022,12,3,18
21,2022-12-29 18:49:36,"| –ì–æ—Ä–æ–¥—Å–∫–æ–π –ø–µ–π–∑–∞–∂ –≤ —Ä–∞–±–æ—Ç–∞—Ö –¥–æ–Ω—Å–∫–∏—Ö —Ö—É–¥–æ–∂–Ω–∏–∫–æ–≤ | 

–ö–∞–∫, –µ—Å–ª–∏ –Ω–µ –≤ –∂–∞–Ω—Ä–µ –≥–æ—Ä–æ–¥—Å–∫–æ–≥–æ –ø–µ–π–∑–∞–∂–∞, –ª—É—á—à–µ –≤—Å–µ–≥–æ –æ—Ç—Ä–∞–∑–∏—Ç—å –∞—Ç–º–æ—Å—Ñ–µ—Ä—É –∑–∏–º–Ω–∏—Ö –≤–µ—á–µ—Ä–æ–≤ –∏ –¥—É—Ö –≥–æ—Ä–æ–¥–∞, –ø–æ–≥—Ä—É–∑–∏–≤—à–µ–≥–æ—Å—è –≤ –æ–∂–∏–¥–∞–Ω–∏–µ –ù–æ–≤–æ–≥–æ –≥–æ–¥–∞?

–ó–∞—Å–Ω–µ–∂–µ–Ω–Ω—ã–µ —É–ª–∏—Ü—ã, –∞—Ä—Ö–∏—Ç–µ–∫—Ç—É—Ä–Ω—ã–µ –¥–æ—Å—Ç–æ–ø—Ä–∏–º–µ—á–∞—Ç–µ–ª—å–Ω–æ—Å—Ç–∏, –∑–∞–≤–µ–¥–µ–Ω–∏—è, –≤ –∫–æ—Ç–æ—Ä—ã—Ö –æ—Ç —Ö–æ–ª–æ–¥–∞ –ø—Ä—è—á—É—Ç—Å—è –∂–∏—Ç–µ–ª–∏, –∏ –≥–æ—Ä–æ–¥—Å–∫–∞—è –ø—Ä–∏—Ä–æ–¥–∞ ‚Äì –≤–æ—Ç –≥–ª–∞–≤–Ω—ã–µ —Å—é–∂–µ—Ç—ã –∫–∞—Ä—Ç–∏–Ω –¥–æ–Ω—Å–∫–∏—Ö —Ö—É–¥–æ–∂–Ω–∏–∫–æ–≤ –≤ —ç—Ç–æ–º –∂–∞–Ω—Ä–µ. 

–≠—Ç–∏ —Å—é–∂–µ—Ç—ã –∑–Ω–∞–∫–æ–º—ã –Ω–∞–º —Å —Å–∞–º–æ–≥–æ –¥–µ—Ç—Å—Ç–≤–∞ ‚Äì –≤ –Ω–∏—Ö –æ—Ç—Ä–∞–∂–∞—é—Ç—Å—è –≤–æ—Å–ø–æ–º–∏–Ω–∞–Ω–∏—è, –∞ —Ç–∞–∫–∂–µ –∏—Å–∫—Ä–µ–Ω–Ω—è—è –ª—é–±–æ–≤—å –∞–≤—Ç–æ—Ä–æ–≤ –∫ —Ä–æ–¥–Ω–æ–º—É –≥–æ—Ä–æ–¥—É, —Ç–∞–∫–æ–º—É –ø—Ä–µ–∫—Ä–∞—Å–Ω–æ–º—É –≤ –∑–∏–º–Ω–µ–µ –≤—Ä–µ–º—è –≥–æ–¥–∞.

–ü—Ä–∏—Ö–æ–¥–∏—Ç–µ —É–∑–Ω–∞–≤–∞—Ç—å —Ä–æ–¥–Ω—ã–µ –ø—Ä–æ—Å—Ç–æ—Ä—ã –∏ –∑–∏–º–Ω–∏–µ –≥–æ—Ä–æ–¥—Å–∫–∏–µ –ø–µ–π–∑–∞–∂–∏ –†–æ—Å—Ç–æ–≤–∞-–Ω–∞-–î–æ–Ω—É –Ω–∞ –¥–µ–π—Å—Ç–≤—É—é—â–µ–π –≤—ã—Å—Ç–∞–≤–∫–µ ¬´–ó–∏–º–Ω–∏–π —ç—Ç—é–¥¬ª.

‚è≥–í—Ç-–í—Å: 12:00-20:00
üéü–í—Ö–æ–¥ —Å–≤–æ–±–æ–¥–Ω—ã–π 

–†–µ–∂–∏–º —Ä–∞–±–æ—Ç—ã —Ü–µ–Ω—Ç—Ä–∞ –≤ –Ω–æ–≤–æ–≥–æ–¥–Ω–∏–µ –ø—Ä–∞–∑–¥–Ω–∏–∫–∏:
‚Ä¢ 31.12-09.01 ‚Äì –≤—ã—Ö–æ–¥–Ω—ã–µ 
‚Ä¢ —Å 10.01 ‚Äì –≤ –æ–±—ã—á–Ω–æ–º —Ä–µ–∂–∏–º–µ —Å 12:00 –¥–æ 20:00

–í—ã—Å—Ç–∞–≤–∫–∞ –ø—Ä–æ–¥–ª–∏—Ç—Å—è –¥–æ 5 —Ñ–µ–≤—Ä–∞–ª—è 2023 –≥.

–¶–µ–Ω—Ç—Ä —Å–æ–≤—Ä–µ–º–µ–Ω–Ω–æ–π –∫—É–ª—å—Ç—É—Ä—ã ¬´–°—Ç–µ–ø—å¬ª
—É–ª. –ë–µ—Ä–µ–≥–æ–≤–∞—è, 12",0,1.0,api,0,19,0,410,911,0,2022,12,3,18
22,2022-12-25 10:58:39,"| –†–µ–∂–∏–º —Ä–∞–±–æ—Ç—ã –¶–°–ö ¬´–°—Ç–µ–ø—å¬ª –≤ —è–Ω–≤–∞—Ä–µ |

üìÖ31.12-09.01 ‚Äì –∫–∞–Ω–∏–∫—É–ª—ã 

–ü–æ—Å–ª–µ–¥–Ω–∏–µ –¥–Ω–∏ –¥–µ–∫–∞–±—Ä—è ‚Äì –∏–¥–µ–∞–ª—å–Ω–æ–µ –≤—Ä–µ–º—è, —á—Ç–æ–±—ã –ø–æ—Å–µ—Ç–∏—Ç—å –≤—ã—Å—Ç–∞–≤–∫—É ¬´–ó–∏–º–Ω–∏–π —ç—Ç—é–¥¬ª –≤ @centr.step –≤ –ø–æ–∏—Å–∫–∞—Ö –Ω–æ–≤–æ–≥–æ–¥–Ω–µ–≥–æ –Ω–∞—Å—Ç—Ä–æ–µ–Ω–∏—è –∏ —Ç–≤–æ—Ä—á–µ—Å–∫–æ–≥–æ –≤–¥–æ—Ö–Ω–æ–≤–µ–Ω–∏—èüéÑ

–í—Å–µ –¥–ª—è —Ç–æ–≥–æ, —á—Ç–æ–±—ã –æ–Ω–∏ –Ω–µ –ø–æ–∫–∏–¥–∞–ª–∏ –≤–∞—Å, –ø–æ–∫–∞ –º—ã –±—É–¥–µ—Ç –Ω–∞ –Ω–æ–≤–æ–≥–æ–¥–Ω–∏—Ö –∫–∞–Ω–∏–∫—É–ª–∞—Ö ‚Äì —Å 31 –¥–µ–∫–∞–±—Ä—è –¥–æ 9 —è–Ω–≤–∞—Ä—è –Ω–æ–≤–æ–≥–æ –≥–æ–¥–∞. 

–° 10 —è–Ω–≤–∞—Ä—è –¶–µ–Ω—Ç—Ä –ø—Ä–æ–¥–æ–ª–∂–∏—Ç —Å–≤–æ—é —Ä–∞–±–æ—Ç—É –≤ –æ–±—ã—á–Ω–æ–º —Ä–µ–∂–∏–º–µ, –≤—Å—Ç—Ä–µ—á–∞—è –≥–æ—Å—Ç–µ–π –∏ —Ä–∞—Å—Å–∫–∞–∑—ã–≤–∞—è –Ω–æ–≤—ã–µ —É–≤–ª–µ–∫–∞—Ç–µ–ª—å–Ω—ã–µ –∏—Å—Ç–æ—Ä–∏–∏ –æ–± –∏—Å–∫—É—Å—Å—Ç–≤–µüñº

‚Ä¢ 31.12-09.01 ‚Äì –≤—ã—Ö–æ–¥–Ω—ã–µ 
‚Ä¢ —Å 10.01 ‚Äì –≤ –æ–±—ã—á–Ω–æ–º —Ä–µ–∂–∏–º–µ —Å 12:00 –¥–æ 20:00

–ê –ø–æ–∫–∞ –Ω–µ –Ω–∞—Å—Ç—É–ø–∏–ª–∏ –∫–∞–Ω–∏–∫—É–ª—ã, –ø—Ä–∏—Ö–æ–¥–∏—Ç–µ –≤ –≥–æ—Å—Ç–∏ ‚Äì –æ—Ç–≤–ª–µ–∫–∏—Ç–µ—Å—å –æ—Ç —Å—É–µ—Ç—ã –ø—Ä–∞–∑–¥–Ω–∏—á–Ω—ã—Ö –ø—Ä–∏–≥–æ—Ç–æ–≤–ª–µ–Ω–∏–π –∏ –ø–æ–≥—Ä—É–∑–∏—Ç–µ—Å—å –≤ –∏—Å–∫—É—Å—Å—Ç–≤–æü§ç

–¶–µ–Ω—Ç—Ä —Å–æ–≤—Ä–µ–º–µ–Ω–Ω–æ–π –∫—É–ª—å—Ç—É—Ä—ã ¬´–°—Ç–µ–ø—å¬ª
—É–ª. –ë–µ—Ä–µ–≥–æ–≤–∞—è, 12

#—Ü—Å–∫_—Å—Ç–µ–ø—å #–∏—Å–∫—É—Å—Å—Ç–≤–æ—Ä–æ—Å—Ç–æ–≤ #–≤—ã—Å—Ç–∞–≤–∫–∏–≤—Ä–æ—Å—Ç–æ–≤–µ #–Ω–∞–±–µ—Ä–µ–∂–Ω–∞—è—Ä–æ—Å—Ç–æ–≤–∞ #–ª–µ–∫—Ü–∏–∏–≤—Ä–æ—Å—Ç–æ–≤–µ",0,1.0,api,0,11,5,550,803,0,2022,12,6,10
23,2022-12-24 08:01:03,"| –ò–Ω—Ç–µ—Ä–≤—å—é —Å –æ—Å–Ω–æ–≤–∞—Ç–µ–ª–µ–º [club216229743|–¶–µ–Ω—Ç—Ä —Å–æ–≤—Ä–µ–º–µ–Ω–Ω–æ–π –∫—É–ª—å—Ç—É—Ä—ã ¬´–°–¢–ï–ü–¨¬ª] –ú–∏–ª–∞–Ω–æ–π –ì–æ–≥–æ—Ä—è–Ω | üåæ

–û–± –∏—Å–∫—É—Å—Å—Ç–≤–µ, —É–Ω–∏–∫–∞–ª—å–Ω–æ–π –∫–æ–Ω—Ü–µ–ø—Ü–∏–∏ –∏ –±—É–¥—É—â–µ–º –¶–°–ö ¬´–°—Ç–µ–ø—å¬ª, –∞ —Ç–∞–∫–∂–µ –æ —Ç–æ–º, –∫–∞–∫ –ø–æ–ª—É—á–∞—Ç—å –Ω–∞—Å—Ç–æ—è—â–µ–µ —É–¥–æ–≤–æ–ª—å—Å—Ç–≤–∏–µ –æ—Ç —ç–∫—Å–ø–æ–∑–∏—Ü–∏–∏ ‚Äì –≤ –∏–Ω—Ç–µ—Ä–≤—å—é —Å –æ—Å–Ω–æ–≤–∞—Ç–µ–ª–µ–º –∏ —Ä—É–∫–æ–≤–æ–¥–∏—Ç–µ–ª–µ–º —Ü–µ–Ω—Ç—Ä–∞ –ú–∏–ª–∞–Ω–æ–π –ì–æ–≥–æ—Ä—è–Ω. 

–ü–æ–¥—Ä–æ–±–Ω–µ–µ ‚Äì –≤ –∫–∞—Ä—É—Å–µ–ª–∏üëâüèª

–¶–µ–Ω—Ç—Ä —Å–æ–≤—Ä–µ–º–µ–Ω–Ω–æ–π –∫—É–ª—å—Ç—É—Ä—ã ¬´–°—Ç–µ–ø—å¬ª
—É–ª. –ë–µ—Ä–µ–≥–æ–≤–∞—è, 12",0,7.0,vk,0,12,4,317,367,1,2022,12,5,8
24,2022-12-20 07:50:06,"–ê—É–¥–∏–æ—Ç—É—Ä –¥–ª—è –≥–ª—É–±–æ–∫–æ–≥–æ –ø–æ–≥—Ä—É–∂–µ–Ω–∏—è –≤ —Å–æ–≤—Ä–µ–º–µ–Ω–Ω–æ–µ –∏—Å–∫—É—Å—Å—Ç–≤–æ 

–ü—Ä–µ–¥–ª–∞–≥–∞–µ–º –æ—Ç–ø—Ä–∞–≤–∏—Ç—å—Å—è –≤ –≤–∏—Ä—Ç—É–∞–ª—å–Ω—ã–π —Ç—É—Ä –ø–æ —ç–∫—Å–ø–æ–∑–∏—Ü–∏–∏ ¬´–ó–∏–º–Ω–∏–π —ç—Ç—é–¥¬ª –≤–º–µ—Å—Ç–µ —Å –∞—É–¥–∏–æ–≥–∏–¥–æ–º –æ—Ç @centr.step. –í–æ–∑—å–º–∏—Ç–µ —Å —Å–æ–±–æ–π –Ω–∞—É—à–Ω–∏–∫–∏ –∏ –ø—Ä–∏–≥–æ—Ç–æ–≤—å—Ç–µ—Å—å –ø–æ–∑–Ω–∞–∫–æ–º–∏—Ç—Å—è —Å –∏—Å—Ç–æ—Ä–∏–µ–π –∫–∞–∂–¥–æ–π –∏–∑ 53-—Ö —Ä–∞–±–æ—Ç, –ø—Ä–µ–¥—Å—Ç–∞–≤–ª–µ–Ω–Ω—ã—Ö –Ω–∞ –≤—ã—Å—Ç–∞–≤–∫–µ.

–ö–∞–∫ –≤–æ—Å–ø–æ–ª—å–∑–æ–≤–∞—Ç—å—Å—è –∞—É–¥–∏–æ–≥–∏–¥–æ–º?
‚ñ´Ô∏è–ü–µ—Ä–µ–π—Ç–∏ –ø–æ —Å—Å—ã–ª–∫–µ –≤ —à–∞–ø–∫–µ –ø—Ä–æ—Ñ–∏–ª—è
‚ñ´Ô∏è–ù–∞–¥–µ—Ç—å –Ω–∞—É—à–Ω–∏–∫–∏ –∏ –≤–∫–ª—é—á–∏—Ç—å –∞—É–¥–∏–æ—Ç—É—Ä ¬´–ó–∏–º–Ω–∏–π —ç—Ç—é–¥¬ª
‚ñ´Ô∏è–ù–∞—á–∞—Ç—å –ø–æ–≥—Ä—É–∂–µ–Ω–∏–µ –≤ —Å–æ–≤—Ä–µ–º–µ–Ω–Ω–æ–µ –∏—Å–∫—É—Å—Å—Ç–≤–æ 

–ü–æ–ª—å–∑—É–π—Ç–µ—Å—å –∞—É–¥–∏–æ–≥–∏–¥–æ–º, –∏ –≤—ã —É–∑–Ω–∞–µ—Ç–µ, –∫–∞–∫–∞—è –Ω–µ—Ä–∞—Å—Å–∫–∞–∑–∞–Ω–Ω–∞—è –∏—Å—Ç–æ—Ä–∏—è —Å–∫—Ä—ã–≤–∞–µ—Ç—Å—è –∑–∞ –∫–∞–∂–¥—ã–º –ø—Ä–æ–∏–∑–≤–µ–¥–µ–Ω–∏–µ–º –∏—Å–∫—É—Å—Å—Ç–≤–∞ü§ç 

–¶–µ–Ω—Ç—Ä —Å–æ–≤—Ä–µ–º–µ–Ω–Ω–æ–π –∫—É–ª—å—Ç—É—Ä—ã ¬´–°—Ç–µ–ø—å¬ª
—É–ª. –ë–µ—Ä–µ–≥–æ–≤–∞—è, 12",0,1.0,api,0,11,1,349,615,0,2022,12,1,7
25,2022-12-16 11:10:14,–î–µ–ª–∏–º—Å—è –∫–∞–¥—Ä–∞–º–∏ –ø—Ä–æ—à–µ–¥—à–µ–π –∫–æ–Ω—Ñ–µ—Ä–µ–Ω—Ü–∏–∏ –∫—É–ª—å—Ç—É—Ä–Ω—ã—Ö –∏–Ω–¥—É—Å—Ç—Ä–∏–π –Æ–≥–∞ ¬´–ê—Ä—Ç-–æ–∫—Ä–∞–∏–Ω–∞¬ª.,0,1.0,vk,0,12,0,324,77,1,2022,12,4,11
26,2022-12-16 10:53:11,"| –ò—Å–∫—É—Å—Å—Ç–≤–æ –¥–∞—Ä–∏—Ç—å –ø–æ–¥–∞—Ä–∫–∏ | ‚ùÑÔ∏è

–í –¶–°–ö ¬´–°—Ç–µ–ø—å¬ª –º–æ–∂–Ω–æ –≤—ã–±—Ä–∞—Ç—å –ø–∞–º—è—Ç–Ω—ã–π –ø–æ–¥–∞—Ä–æ–∫ —Å–µ–±–µ –∏–ª–∏ –±–ª–∏–∑–∫–∏–º: –æ—Ç —Ñ–∏—Ä–º–µ–Ω–Ω—ã—Ö —Ä—É—á–µ–∫ –∏ –±–ª–æ–∫–Ω–æ—Ç–æ–≤ –¥–ª—è —Ç–≤–æ—Ä—á–µ—Å—Ç–≤–∞ –¥–æ —Å—Ç–∏–ª—å–Ω—ã—Ö —Ñ—É—Ç–±–æ–ª–æ–∫ –∏ —à–æ–ø–µ—Ä–æ–≤. –ê —Ü–µ–Ω–∏—Ç–µ–ª–∏ –∏ –∫–æ–ª–ª–µ–∫—Ü–∏–æ–Ω–µ—Ä—ã —Å–º–æ–≥—É—Ç —Å—Ç–∞—Ç—å –æ–±–ª–∞–¥–∞—Ç–µ–ª—è–º–∏ —à–µ–¥–µ–≤—Ä–æ–≤ –¥–æ–Ω—Å–∫–∏—Ö –∞–≤—Ç–æ—Ä–æ–≤, –ø—Ä–µ–¥—Å—Ç–∞–≤–ª–µ–Ω–Ω—ã—Ö –≤ —Ä–∞–º–∫–∞—Ö –≤—ã—Å—Ç–∞–≤–∫–∏ ¬´–ó–∏–º–Ω–∏–π —ç—Ç—é–¥¬ª.

–î–∞—Ä–∏—Ç–µ –∏—Å–∫—É—Å—Å—Ç–≤–æ!

‚Ä¢ —à–æ–ø–µ—Ä 700 ‚ÇΩ
‚Ä¢ —Ñ—É—Ç–±–æ–ª–∫–∞ 1900 ‚ÇΩ

#—Ü—Å–∫_—Å—Ç–µ–ø—å #–ø–æ–¥–∞—Ä–∫–∏–Ω–∞–Ω–æ–≤—ã–π–≥–æ–¥ #–¥–∞—Ä–∏–º–ø–æ–¥–∞—Ä–∫–∞—Ä–æ—Å—Ç–æ–≤ #—à–æ–ø–µ—Ä—Ä–æ—Å—Ç–æ–≤ #—Ñ—É—Ç–±–æ—Ä–∫–∏—Ä–æ—Å—Ç–æ–≤ #–∏—Å–∫—É—Å—Å—Ç–≤–æ—Ä–æ—Å—Ç–æ–≤",0,4.0,api,0,9,0,295,449,0,2022,12,4,10
27,2022-12-13 08:22:45,"| –ò–∑–æ–±—Ä–∞–∑–∏—Ç–µ–ª—å–Ω–æ–µ –∏—Å–∫—É—Å—Å—Ç–≤–æ XX –≤–µ–∫–∞ | 

–õ–µ–∫—Ü–∏—è —Å –∏—Å–∫—É—Å—Å—Ç–≤–æ–≤–µ–¥–æ–º –û–∫—Å–∞–Ω–æ–π –ò–ª—å–∑–∏–Ω–æ–π, –∫—É—Ä–∞—Ç–æ—Ä–æ–º –æ–±—Ä–∞–∑–æ–≤–∞—Ç–µ–ª—å–Ω—ã—Ö –ø—Ä–æ–µ–∫—Ç–æ–≤ –æ—Ç–¥–µ–ª–∞ –ú—É–∑–µ—è –∏—Å–∫—É—Å—Å—Ç–≤–∞ –°–∞–Ω–∫—Ç-–ü–µ—Ç–µ—Ä–±—É—Ä–≥–∞ XX-XXI –≤–≤. –¶–µ–Ω—Ç—Ä–∞–ª—å–Ω–æ-–í—ã—Å—Ç–∞–≤–æ—á–Ω–æ–≥–æ –ó–∞–ª–∞ ¬´–ú–∞–Ω–µ–∂¬ª

‚è≥23 –¥–µ–∫–∞–±—Ä—è, 18:00
üéü –°—Ç–æ–∏–º–æ—Å—Ç—å –±–∏–ª–µ—Ç–∞ ‚Äî1000‚ÇΩ

–ë–æ–≥–∞—Ç—ã–π –Ω–∞ —Å–æ–±—ã—Ç–∏—è XX –≤–µ–∫ –ø–æ–ª–Ω–æ—Å—Ç—å—é –∏–∑–º–µ–Ω–∏–ª –Ω–µ —Ç–æ–ª—å–∫–æ –ø—Ä–µ–¥—Å—Ç–∞–≤–ª–µ–Ω–∏–µ –ª—é–¥–µ–π –æ –º–∏—Ä–µ, –Ω–æ –æ —Å–∞–º–æ–º –ø—Ä–æ–∏–∑–≤–µ–¥–µ–Ω–∏–∏ –∏—Å–∫—É—Å—Å—Ç–≤–∞, –µ–≥–æ —Ñ–æ—Ä–º–µ –∏ –≤–æ—Å–ø—Ä–∏—è—Ç–∏–∏.

–ù–∞ –ª–µ–∫—Ü–∏–∏ —Å –û–∫—Å–∞–Ω–æ–π –ò–ª—å–∑–∏–Ω–æ–π –≤—ã –ø–æ–≥—Ä—É–∑–∏—Ç–µ—Å—å –≤ —Å–æ–±—ã—Ç–∏—è –º–∏—Ä–∞ –∂–∏–≤–æ–ø–∏—Å–∏ XX –≤–µ–∫–∞, —É–∑–Ω–∞–µ—Ç–µ –∫–∞–∫ –∑–∞—Ä–æ–¥–∏–ª–∏—Å—å –∏ —Ä–∞–∑–≤–∏–≤–∞–ª–∏—Å—å –≥–ª–∞–≤–Ω—ã–µ —Å—Ç–∏–ª–∏ –≤ –∂–∏–≤–æ–ø–∏—Å–Ω–æ–º –∏—Å–∫—É—Å—Å—Ç–≤–µ, –æ –≤–ª–∏—è–Ω–∏–∏ –Ω–∞ –∏—Å–∫—É—Å—Å—Ç–≤–æ —Ç–∞–∫–∏—Ö  –∑–Ω–∞—á–∏–º—ã—Ö —Ñ–∏–≥—É—Ä,  –∫–∞–∫ –ü–∞–±–ª–æ –ü–∏–∫–∞—Å—Å–æ, –ê–Ω—Ä–∏ –ú–∞—Ç–∏—Å—Å–µ, –°–∞–ª—å–≤–∞–¥–æ—Ä–µ –î–∞–ª–∏, –ú–∞—Ä–∫–µ –†–æ—Ç–∫–æ, –ø–æ–∑–Ω–∞–∫–æ–º–∏—Ç–µ—Å—å —Å —Ñ–æ–≤–∏–∑–º–æ–º, —ç–∫—Å–ø—Ä–µ—Å—Å–∏–æ–Ω–∏–∑–º–æ–º, –∫—É–±–∏–∑–º–æ–º, —Å—é—Ä—Ä–µ–∞–ª–∏–∑–º–æ–º –∏ –¥—Ä—É–≥–∏–º–∏ —Å—Ç–∏–ª—è–º–∏.

‚è≥23 –¥–µ–∫–∞–±—Ä—è, 18:00 —Å–æ–≤–µ—Ä—à–∞–µ–º –Ω–µ–≤–µ—Ä–æ—è—Ç–Ω–æ–µ –ø–æ–≥—Ä—É–∂–µ–Ω–∏–µ –≤ –∏–∑–æ–±—Ä–∞–∑–∏—Ç–µ–ª—å–Ω–æ–µ –∏—Å–∫—É—Å—Å—Ç–≤–æ XX –≤–µ–∫–∞ –≤ —Å—Ç–µ–Ω–∞—Ö –¶–µ–Ω—Ç—Ä–∞ —Å–æ–≤—Ä–µ–º–µ–Ω–Ω–æ–π –∫—É–ª—å—Ç—É—Ä—ã ¬´–°—Ç–µ–ø—å¬ª

—É–ª. –ë–µ—Ä–µ–≥–æ–≤–∞—è, 12

–°—Å—ã–ª–∫–∞ –Ω–∞ —Ä–µ–≥–∏—Å—Ç—Ä–∞—Ü–∏—é: https://tsentr-sovremennoy--2022.timepad.ru/event/2266174/",0,4.0,api,0,10,4,309,977,0,2022,12,1,8
28,2022-12-13 08:22:01,"| –û–±–º–µ–Ω–∏–≤–∞–µ–º—Å—è –∏—Å–∫—É—Å—Å—Ç–≤–æ–º |

–í @centr.step –ø–æ—è–≤–∏–ª—Å—è —É–Ω–∏–∫–∞–ª—å–Ω—ã–π –ø–æ—á—Ç–æ–≤—ã–π —è—â–∏–∫ ‚Äì –ø—Ä–∏–æ–±—Ä–µ—Ç–∞–π—Ç–µ –Ω–∞—à–∏ —Ñ–∏—Ä–º–µ–Ω–Ω—ã–µ –æ—Ç–∫—Ä—ã—Ç–∫–∏ –∏ –ø–æ—Å—ã–ª–∞–π—Ç–µ –∏—Ö –∞–¥—Ä–µ—Å–∞—Ç–∞–º, –Ω–µ –ø–æ–∫–∏–¥–∞—è —Å—Ç–µ–Ω –¶–µ–Ω—Ç—Ä–∞! –ê –Ω–∞—à–∞ –∫–æ–º–∞–Ω–¥–∞ —Å –ª—é–±–æ–≤—å—é –æ—Ç–ø—Ä–∞–≤–∏—Ç –∏—Ö –≤ –ø—É—Ç—å –≤ –ª—é–±–æ–π —É–≥–æ–ª–æ–∫ –º–∏—Ä–∞. 

–ü—É—Å—Ç—å –≤ –º–∏—Ä–µ –±—É–¥–µ—Ç –±–æ–ª—å—à–µ —Å—á–∞—Å—Ç–ª–∏–≤—ã—Ö –ø–∏—Å–µ–ºüíå 

–¶–µ–Ω—Ç—Ä —Å–æ–≤—Ä–µ–º–µ–Ω–Ω–æ–π –∫—É–ª—å—Ç—É—Ä—ã ¬´–°—Ç–µ–ø—å¬ª
—É–ª. –ë–µ—Ä–µ–≥–æ–≤–∞—è, 12",0,3.0,api,0,15,0,422,331,0,2022,12,1,8
29,2022-12-10 07:48:02,"| –ö–æ–Ω—Ñ–µ—Ä–µ–Ω—Ü–∏—è –∫—É–ª—å—Ç—É—Ä–Ω—ã—Ö –∏–Ω–¥—É—Å—Ç—Ä–∏–π –Æ–≥–∞ ¬´–ê—Ä—Ç-–æ–∫—Ä–∞–∏–Ω–∞¬ª | 14.12

14 –¥–µ–∫–∞–±—Ä—è –≤ –¶–µ–Ω—Ç—Ä–µ —Å–æ–≤—Ä–µ–º–µ–Ω–Ω–æ–π –∫—É–ª—å—Ç—É—Ä—ã ¬´–°—Ç–µ–ø—å¬ª –ø—Ä–æ–π–¥–µ—Ç –ø–µ—Ä–≤–∞—è –∫–æ–Ω—Ñ–µ—Ä–µ–Ω—Ü–∏—è –∫—É–ª—å—Ç—É—Ä–Ω—ã—Ö –∏–Ω–¥—É—Å—Ç—Ä–∏–π –Æ–≥–∞ ¬´–ê—Ä—Ç-–æ–∫—Ä–∞–∏–Ω–∞¬ª. 

–ü—Ä–æ–µ–∫—Ç –Ω–∞–ø—Ä–∞–≤–ª–µ–Ω –Ω–∞ —Ç–æ, —á—Ç–æ–±—ã –Ω–∞–ª–∞–¥–∏—Ç—å –æ–±–º–µ–Ω –æ–ø—ã—Ç–æ–º –º–µ–∂–¥—É –ø—Ä–µ–¥—Å—Ç–∞–≤–∏—Ç–µ–ª—è–º–∏ –∫—É–ª—å—Ç—É—Ä–Ω—ã—Ö –∏–Ω–¥—É—Å—Ç—Ä–∏–∏ –Ω–∞—à–µ–≥–æ —Ä–µ–≥–∏–æ–Ω–∞, –∞ —Ç–∞–∫–∂–µ –ø—Ä–∏–≤–ª–µ—á—å –≤–Ω–∏–º–∞–Ω–∏–µ –∫ —è—Ä–∫–∏–º –ø—Ä–æ–µ–∫—Ç–∞–º –≤ —Å—Ñ–µ—Ä–µ –∫—É–ª—å—Ç—É—Ä—ã –∏ –∏—Å–∫—É—Å—Å—Ç–≤. 

–í –ø—Ä–æ–≥—Ä–∞–º–º–µ –º–µ—Ä–æ–ø—Ä–∏—è—Ç–∏—è ‚Äì –¥–≤–µ —Å–µ—Å—Å–∏–∏ —Å –≤—ã—Å—Ç—É–ø–ª–µ–Ω–∏—è–º–∏ –¥–æ–∫–ª–∞–¥—á–∏–∫–æ–≤ –∏ –ø–æ—Å–ª–µ–¥—É—é—â–µ–π –¥–∏—Å–∫—É—Å—Å–∏–µ–π:
‚ñ´Ô∏è¬´–ò–Ω–≤–µ—Å—Ç–∏—Ü–∏–∏ –≤ –∫—É–ª—å—Ç—É—Ä—É: —É—Å–ª–æ–≤–∏—è –¥–ª—è —Ä–∞–∑–≤–∏—Ç–∏—è¬ª ‚Äì –æ–± –∏–Ω–≤–µ—Å—Ç–∏—Ü–∏—è—Ö –≤ –∫—É–ª—å—Ç—É—Ä—É –∫–∞–∫ –≤ –æ–¥–∏–Ω –∏–∑ –¥—Ä–∞–π–≤–µ—Ä–æ–≤ —Ä–∞–∑–≤–∏—Ç–∏—è —Ä–µ–≥–∏–æ–Ω–∞
‚ñ´Ô∏è¬´–ü—Ä–æ–µ–∫—Ç –≤ —Å—Ñ–µ—Ä–µ –∫—É–ª—å—Ç—É—Ä—ã: —á—Ç–æ —ç—Ç–æ?¬ª ‚Äì –æ–± –∞—Ä—Ç-–ø—Ä–æ–µ–∫—Ç–∏—Ä–æ–≤–∞–Ω–∏–∏ –∏ –º–∞—Å—à—Ç–∞–±–∏—Ä–æ–≤–∞–Ω–∏–∏ —è—Ä–∫–∏—Ö –∑–∞–¥—É–º–æ–∫ –≤ —Å—Ñ–µ—Ä–µ –∏—Å–∫—É—Å—Å—Ç–≤–∞

–ö —É—á–∞—Å—Ç–∏—é –≤ –∫–æ–Ω—Ñ–µ—Ä–µ–Ω—Ü–∏–∏ –ø—Ä–∏–≥–ª–∞—à–µ–Ω—ã –ø—Ä–µ–¥—Å—Ç–∞–≤–∏—Ç–µ–ª–∏ –∫—É–ª—å—Ç—É—Ä–Ω—ã—Ö –∏–Ω–¥—É—Å—Ç—Ä–∏–π, –±–∏–∑–Ω–µ—Å–∞, –∏–Ω—Å—Ç–∏—Ç—É—Ç–æ–≤ –ø–æ–¥–¥–µ—Ä–∂–∫–∏, –∞ —Ç–∞–∫–∂–µ –∞—Ä—Ç-—Å–æ–æ–±—â–µ—Å—Ç–≤–æ —Ä–µ–≥–∏–æ–Ω–∞. 

‚è≥14 –¥–µ–∫–∞–±—Ä—è, 10:00
üéü–£—á–∞—Å—Ç–∏–µ –≤ –∫–æ–Ω—Ñ–µ—Ä–µ–Ω—Ü–∏–∏ –±–µ—Å–ø–ª–∞—Ç–Ω–æ–µ

–†–µ–≥–∏—Å—Ç—Ä–∞—Ü–∏—è ‚Äì –ø–æ —Å—Å—ã–ª–∫–µ –≤ —à–∞–ø–∫–µ –ø—Ä–æ—Ñ–∏–ª—è (–∫–æ–ª–∏—á–µ—Å—Ç–≤–æ —É—á–∞—Å—Ç–Ω–∏–∫–æ–≤ –æ–≥—Ä–∞–Ω–∏—á–µ–Ω–æ).

–û—Ä–≥–∞–Ω–∏–∑–∞—Ç–æ—Ä—ã –∫–æ–Ω—Ñ–µ—Ä–µ–Ω—Ü–∏–∏:
–¶–µ–Ω—Ç—Ä —Ä–∞–∑–≤–∏—Ç–∏—è –∫—É–ª—å—Ç—É—Ä–Ω—ã—Ö –∏–Ω–¥—É—Å—Ç—Ä–∏–π –Æ–§–û, –¥–µ–ª–æ–≤–æ–µ –º–µ–¥–∏–∞ ¬´–≠–∫—Å–ø–µ—Ä—Ç –Æ–≥¬ª –ø—Ä–∏ –ø–æ–¥–¥–µ—Ä–∂–∫–µ –±–∞–Ω–∫–∞ ¬´–¶–µ–Ω—Ç—Ä-–ò–Ω–≤–µ—Å—Ç¬ª.",0,1.0,api,2,8,2,359,1082,0,2022,12,5,7
30,2022-12-10 07:47:17,"–¶–µ–Ω—Ç—Ä —Å–æ–≤—Ä–µ–º–µ–Ω–Ω–æ–π –∫—É–ª—å—Ç—É—Ä—ã ¬´–°—Ç–µ–ø—å¬ª –∏ —Ä–µ—Å—Ç–æ—Ä–∞–Ω ¬´–í—ã—Å–æ—Ç–∞ 5642¬ª ‚Äì –¥–≤–∞ –æ—Å–æ–±–µ–Ω–Ω—ã—Ö –º–µ—Å—Ç–∞ –Ω–∞ –∫–∞—Ä—Ç–µ –†–æ—Å—Ç–æ–≤–∞-–Ω–∞-–î–æ–Ω—É.

–ï–¥–∏–Ω—Å—Ç–≤–æ –¥–≤—É—Ö —É–Ω–∏–∫–∞–ª—å–Ω—ã—Ö –ø—Ä–æ–µ–∫—Ç–æ–≤ –≤–æ–ø–ª–æ—Ç–∏–ª–æ—Å—å –≤ —Å—Ç—Ä–∞—Å—Ç–∏ –∫ —Å–æ–≤—Ä–µ–º–µ–Ω–Ω—ã–º –ø—Ä–æ–∏–∑–≤–µ–¥–µ–Ω–∏—è–º –∏—Å–∫—É—Å—Å—Ç–≤–∞ –∏ –æ—Å–æ–±–µ–Ω–Ω–æ–π –ª—é–±–æ–≤—å—é –∫ –≥–∞—Å—Ç—Ä–æ–Ω–æ–º–∏–∏.

–ó–¥–µ—Å—å –∏—Å–∫—É—Å—Å—Ç–≤–æ —Ç–∞–ª–∞–Ω—Ç–ª–∏–≤—ã—Ö –∂–∏—Ç–µ–ª–µ–π –î–æ–Ω–∞ —Å–æ—Å–µ–¥—Å—Ç–≤—É–µ—Ç —Å —Å–æ–≤—Ä–µ–º–µ–Ω–Ω–æ–π –∫—É—Ö–Ω–µ–π –ö–∞–≤–∫–∞–∑–∞, –∞ –≥–æ—Å—Ç–∏ –ø–æ–ª—É—á–∞—é—Ç –≤–æ–∑–º–æ–∂–Ω–æ—Å—Ç—å –ø–æ–≥—Ä—É–∑–∏—Ç—å—Å—è –≤ –º–∏—Ä —Ç–≤–æ—Ä—á–µ—Å—Ç–≤–∞. –í —Ä–µ—Å—Ç–æ—Ä–∞–Ω–µ –≤—ã –≤—Å—Ç—Ä–µ—Ç–∏—Ç–µ —Ä–∞–±–æ—Ç—ã —Ö—É–¥–æ–∂–Ω–∏–∫–æ–≤ –†–æ—Å—Ç–æ–≤–∞-–Ω–∞-–î–æ–Ω—É, –∞ –≤ ¬´–°—Ç–µ–ø–∏¬ª ‚Äì –ª—é–±–æ–≤—å –∫ —Ä–æ–¥–Ω–æ–º—É –∫—Ä–∞—é –∏ –µ–≥–æ –∫—É–ª—å—Ç—É—Ä–µ, –≤–æ–ø–ª–æ—â–µ–Ω–Ω–∞—è –≤ —Ä–∞–∑–ª–∏—á–Ω—ã—Ö –≤–∏–¥–∞—Ö —Å–æ–≤—Ä–µ–º–µ–Ω–Ω–æ–≥–æ –∏—Å–∫—É—Å—Å—Ç–≤–∞. 

–ü—Ä–∏–≥–ª–∞—à–∞–µ–º –ø–æ–∑–Ω–∞–∫–æ–º–∏—Ç—å—Å—è —Å —É–Ω–∏–∫–∞–ª—å–Ω—ã–º–∏ –ø—Ä–æ–µ–∫—Ç–∞–º–∏ —Ç–µ—Ö, –∫—Ç–æ —É–º–µ–µ—Ç —Ü–µ–Ω–∏—Ç—å —Å–æ–≤—Ä–µ–º–µ–Ω–Ω–æ–µ –∏—Å–∫—É—Å—Å—Ç–≤–æ –∏ —Ç—Ä–∞–¥–∏—Ü–∏–æ–Ω–Ω—É—é –≥–∞—Å—Ç—Ä–æ–Ω–æ–º–∏—é –ö–∞–≤–∫–∞–∑—Å–∫–∏—Ö —Å—Ç—Ä–∞–Ωüèî

@centr.step @vysota_5642_rostov",0,1.0,api,0,16,9,537,719,0,2022,12,5,7
31,2022-12-08 11:13:08,"¬´–°–∫—É–ª—å–ø—Ç—É—Ä–∞ ‚Äî —ç—Ç–æ –∏—Å–∫—É—Å—Å—Ç–≤–æ —É–º–∞¬ª 
 
‚Äî –ü–∞–±–ª–æ –ü–∏–∫–∞—Å—Å–æ, –∏—Å–ø–∞–Ω—Å–∫–∏–π —Ö—É–¥–æ–∂–Ω–∏–∫ 
 
–°–∫—É–ª—å–ø—Ç—É—Ä–∞, –∏–Ω–∞—á–µ –ø–ª–∞—Å—Ç–∏–∫–∞ –∏–ª–∏ –≤–∞—è–Ω–∏–µ ‚Äì –æ–¥–Ω–æ –∏–∑ –¥—Ä–µ–≤–Ω–µ–π—à–∏—Ö –≤–∏–¥–æ–≤ –∏—Å–∫—É—Å—Å—Ç–≤–∞. –û–Ω–æ –±–µ—Ä–µ—Ç —Å–≤–æ–µ –Ω–∞—á–∞–ª–æ –µ—â–µ –≤ –∫–∞–º–µ–Ω–Ω–æ–º –≤–µ–∫–µ, –¥–æ—Å—Ç–∏–≥–∞–µ—Ç —Ä–∞—Å—Ü–≤–µ—Ç–∞ –≤ –î—Ä–µ–≤–Ω–µ–π –ì—Ä–µ—Ü–∏–∏ –∏ –ø—Ä–æ–¥–æ–ª–∂–∞–µ—Ç –∂–∏—Ç—å –≤ 21 –≤–µ–∫–µ, –≤–¥–æ—Ö–Ω–æ–≤–ª—è—è —Ü–µ–Ω–∏—Ç–µ–ª–µ–π —Å–æ–≤—Ä–µ–º–µ–Ω–Ω–æ–≥–æ –∏—Å–∫—É—Å—Å—Ç–≤–∞. 
 
–§–æ—Ä–º–∞ –∏ –º–∞—Ç–µ—Ä–∏–∞–ª ‚Äì –≥–ª–∞–≤–Ω—ã–µ –æ–±—ä–µ–∫—Ç—ã —ç–∫—Å–ø–µ—Ä–∏–º–µ–Ω—Ç–æ–≤. –û–Ω–∏ —Ä–∞—Å—à–∏—Ä—è—é—Ç –≤–æ–∑–º–æ–∂–Ω–æ—Å—Ç–∏ –¥–ª—è —Ç–≤–æ—Ä—á–µ—Å—Ç–≤–∞ –∏ –ø–æ–∑–≤–æ–ª—è—é—Ç —Å–æ–≤—Ä–µ–º–µ–Ω–Ω–æ–º—É –º–∞—Å—Ç–µ—Ä—É –≤–æ–ø–ª–æ—Ç–∏—Ç—å –≤ —Ä–µ–∞–ª—å–Ω–æ—Å—Ç—å —Å–∞–º—É—é –Ω–µ–≤–µ—Ä–æ—è—Ç–Ω—É—é –∏–¥–µ—é, —Ä–æ–∂–¥–µ–Ω–Ω—É—é –≤ –µ–≥–æ —Å–æ–∑–Ω–∞–Ω–∏–∏. 
 
–° —Ä–∞–±–æ—Ç–∞–º–∏ –¥–æ–Ω—Å–∫–∏—Ö —Å–∫—É–ª—å–ø—Ç–æ—Ä–æ–≤ –∏ –≤–∞—è—Ç–µ–ª–µ–π –≤—ã –º–æ–∂–µ—Ç–µ –ø–æ–∑–Ω–∞–∫–æ–º–∏—Ç—å—Å—è –ø—Ä—è–º–æ —Å–µ–π—á–∞—Å –Ω–∞ –¥–µ–π—Å—Ç–≤—É—é—â–µ–π –≤—ã—Å—Ç–∞–≤–∫–µ ¬´–ó–∏–º–Ω–∏–π —ç—Ç—é–¥¬ª ‚Äì –≤ –Ω–∞—à–µ–º –≤—ã—Å—Ç–∞–≤–æ—á–Ω–æ–º –ø—Ä–æ—Å—Ç—Ä–∞–Ω—Å—Ç–≤–µ. 
 
‚è≥–í—Ç-–í—Å: 12:00 ‚Äì 20:00 
üéü–í—Ö–æ–¥ —Å–≤–æ–±–æ–¥–Ω—ã–π 
 
–¶–µ–Ω—Ç—Ä —Å–æ–≤—Ä–µ–º–µ–Ω–Ω–æ–π –∫—É–ª—å—Ç—É—Ä—ã ¬´–°—Ç–µ–ø—å¬ª 
—É–ª. –ë–µ—Ä–µ–≥–æ–≤–∞—è, 12 
 
#—Ü—Å–∫_—Å—Ç–µ–ø—å #—Å–∫—É–ª—å–ø—Ç—É—Ä–∞—Ä–æ—Å—Ç–æ–≤ #–≤—ã—Å—Ç–∞–≤–∫–∞—Ä–æ—Å—Ç–æ–≤ #–≥–∞–ª–µ—Ä–µ—è—Ä–æ—Å—Ç–æ–≤ #–∏—Å–∫—É—Å—Å—Ç–≤–æ—Ä–æ—Å—Ç–æ–≤",0,1.0,vk,0,9,1,365,838,1,2022,12,3,11
32,2022-12-08 07:37:39,"–í –ø–µ—Ä–≤—ã–π –¥–µ–Ω—å –∑–∏–º—ã —Å–≤–æ–∏ –¥–≤–µ—Ä–∏ –≥–æ—Å—Ç—è–º @centr.step –æ—Ç–∫—Ä—ã–ª–∞ –Ω–æ–≤–∞—è –≤—ã—Å—Ç–∞–≤–∫–∞ ¬´–ó–∏–º–Ω–∏–π —ç—Ç—é–¥¬ª, –ø–æ—Å–≤—è—â–µ–Ω–Ω–∞—è –≤–æ–ª—à–µ–±—Å—Ç–≤—É –∏ —á—É–¥–µ—Å–Ω–æ–π –∫—Ä–∞—Å–æ—Ç–µ –∑–∏–º–Ω–µ–≥–æ –≤—Ä–µ–º–µ–Ω–∏ –≥–æ–¥–∞. 
 
–í—ã—Å—Ç–∞–≤–∫–∞ –ø–µ—Ä–µ–Ω–µ—Å–µ—Ç –≤–∑—Ä–æ—Å–ª—ã—Ö –∏ —é–Ω—ã—Ö –≥–æ—Å—Ç–µ–π –≤ –¥–µ—Ç—Å–∫–∏–µ –≤–æ—Å–ø–æ–º–∏–Ω–∞–Ω–∏—è –æ –∑–∏–º–Ω–∏—Ö –∫–∞–Ω–∏–∫—É–ª–∞—Ö –∏ –ø–æ–¥–∞—Ä–∏—Ç –Ω–æ–≤–æ–≥–æ–¥–Ω–µ–µ –Ω–∞—Å—Ç—Ä–æ–µ–Ω–∏–µ –∫–∞–∂–¥–æ–º—É –±–µ–∑ –∏—Å–∫–ª—é—á–µ–Ω–∏—è! 
 
–ñ–∏–≤–æ–ø–∏—Å—å, —Å–∫—É–ª—å–ø—Ç—É—Ä–∞, –≥—Ä–∞—Ñ–∏–∫–∞ –∏ –≤—ã—à–∏–≤–∫–∞ ‚Äì 26 –¥–æ–Ω—Å–∫–∏—Ö —Ö—É–¥–æ–∂–Ω–∏–∫–æ–≤ –ø—Ä–µ–¥—Å—Ç–∞–≤–∏–ª–∏ –±–æ–ª–µ–µ 60 —Ä–∞–±–æ—Ç –≤ —Ä–∞–∑–Ω—ã—Ö –∂–∞–Ω—Ä–∞—Ö. 
 
–°–º–æ—Ç—Ä–∏—Ç–µ, –∫–∞–∫ –ø—Ä–æ—à–ª–æ –æ—Ç–∫—Ä—ã—Ç–∏–µ, –≤ –Ω–æ–≤–æ–º –≤—ã–ø—É—Å–∫–µ –í–µ—Å—Ç–∏.–î–æ–Ω –Ω–∞ –∫–∞–Ω–∞–ª–µ –î–æ–Ω-–¢–† –∏ –ø—Ä–∏—Ö–æ–¥–∏—Ç–µ –ª–∏—á–Ω–æ –ø–æ–∑–Ω–∞–∫–æ–º–∏—Ç—å—Å—è —Å –∞–≤—Ç–æ—Ä–∞–º–∏ –∏ –∏—Ö —Ä–∞–±–æ—Ç–∞–º–∏. 
 
‚è≥–í—Ç-–í—Å: 12:00 ‚Äì 20:00 
üéü–í—Ö–æ–¥ —Å–≤–æ–±–æ–¥–Ω—ã–π 
 
–¶–µ–Ω—Ç—Ä —Å–æ–≤—Ä–µ–º–µ–Ω–Ω–æ–π –∫—É–ª—å—Ç—É—Ä—ã ¬´–°—Ç–µ–ø—å¬ª 
—É–ª. –ë–µ—Ä–µ–≥–æ–≤–∞—è, 12 
 
#—Ü—Å–∫_—Å—Ç–µ–ø—å #–≤—ã—Å—Ç–∞–≤–∫–∞—Ä–æ—Å—Ç–æ–≤ #–≥–∞–ª–µ—Ä–µ—è—Ä–æ—Å—Ç–æ–≤ #—Å–æ–≤—Ä–µ–º–µ–Ω–Ω–æ–µ–∏—Å–∫—É—Å—Å—Ç–≤–æ #–¥–æ–Ω—Å–∫–∏–µ—Ö—É–¥–æ–∂–Ω–∏–∫–∏ #–∂–∏–≤–æ–ø–∏—Å—å—Ä–æ—Å—Ç–æ–≤",0,1.0,vk,0,10,0,387,739,1,2022,12,3,7
33,2022-12-08 07:03:01,"–¶–°–ö ¬´–°—Ç–µ–ø—å¬ª —Å—Ç–∞–ª —É—á–∞—Å—Ç–Ω–∏–∫–æ–º –ø—Ä–æ–≥—Ä–∞–º–º—ã ¬´–ü—É—à–∫–∏–Ω—Å–∫–∞—è –∫–∞—Ä—Ç–∞¬ª. 
 
–°–ø–µ—à–∏–º —Å–æ–æ–±—â–∏—Ç—å, —á—Ç–æ —Ç–µ–ø–µ—Ä—å —Å—á–∞—Å—Ç–ª–∏–≤—ã–µ –æ–±–ª–∞–¥–∞—Ç–µ–ª–∏ –ü—É—à–∫–∏–Ω—Å–∫–æ–π –∫–∞—Ä—Ç—ã —Å–º–æ–≥—É—Ç –æ–ø–ª–∞—Ç–∏—Ç—å –±–∏–ª–µ—Ç –Ω–∞ –ø–ª–∞—Ç–Ω—ã–µ –º–µ—Ä–æ–ø—Ä–∏—è—Ç–∏—è @centr.step 
 
–ù–∞–ø–æ–º–∏–Ω–∞–µ–º, —á—Ç–æ –≤–æ—Å–ø–æ–ª—å–∑–æ–≤–∞—Ç—å—Å—è –∫–∞—Ä—Ç–æ–π –º–æ–≥—É—Ç –º–æ–ª–æ–¥—ã–µ –ª—é–¥–∏ –æ—Ç 14 –¥–æ 22-—Ö –ª–µ—Ç —á–µ—Ä–µ–∑ —Å–ø–µ—Ü–∏–∞–ª—å–Ω–æ–µ –ø—Ä–∏–ª–æ–∂–µ–Ω–∏–µ ¬´–ì–æ—Å—É—Å–ª—É–≥–∏ –ö—É–ª—å—Ç—É—Ä–∞¬ª, –∫–æ—Ç–æ—Ä–æ–µ –¥–æ—Å—Ç—É–ø–Ω–æ –≤ AppStore –∏ Google Play. 
 
–ö–∞–∫ –ø—Ä–∏–æ–±—Ä–µ—Å—Ç–∏ –±–∏–ª–µ—Ç –Ω–∞ –º–µ—Ä–æ–ø—Ä–∏—è—Ç–∏—è ¬´–°—Ç–µ–ø–∏¬ª? 
–®–∞–≥ 1. –ó–∞—Ä–µ–≥–∏—Å—Ç—Ä–∏—Ä—É–π—Ç–µ—Å—å –Ω–∞ –ì–æ—Å—É—Å–ª—É–≥–∞—Ö –∏ –ø–æ–¥—Ç–≤–µ—Ä–¥–∏—Ç–µ —É—á—ë—Ç–Ω—É—é –∑–∞–ø–∏—Å—å. 
–®–∞–≥ 2. –°–∫–∞—á–∞–π—Ç–µ –ø—Ä–∏–ª–æ–∂–µ–Ω–∏–µ ¬´–ì–æ—Å—É—Å–ª—É–≥–∏ –ö—É–ª—å—Ç—É—Ä–∞¬ª –∏ –ø–æ–¥—Ç–≤–µ—Ä–¥–∏—Ç–µ –≤—ã–ø—É—Å–∫ –ü—É—à–∫–∏–Ω—Å–∫–æ–π –∫–∞—Ä—Ç—ã. 
–®–∞–≥ 3. –ß–µ—Ä–µ–∑ –ø—Ä–∏–ª–æ–∂–µ–Ω–∏–µ –∏–ª–∏ –Ω–∞ –ø–æ—Ä—Ç–∞–ª–µ –ö—É–ª—å—Ç—É—Ä–∞.–†–§ –Ω–∞–π–¥–∏—Ç–µ –Ω–∞—à —Ü–µ–Ω—Ç—Ä –∏ –æ–∑–Ω–∞–∫–æ–º—å—Ç–µ—Å—å —Å –∞—Ñ–∏—à–µ–π. 
–®–∞–≥ 4. –í—ã–±–µ—Ä–∏—Ç–µ –º–µ—Ä–æ–ø—Ä–∏—è—Ç–∏–µ –∏ –æ–ø–ª–∞—Ç–∏—Ç–µ –±–∏–ª–µ—Ç –ü—É—à–∫–∏–Ω—Å–∫–æ–π –∫–∞—Ä—Ç–æ–π –æ–Ω–ª–∞–π–Ω. 
 
–î–æ –≤—Å—Ç—Ä–µ—á–∏ –≤ —Ü–µ–Ω—Ç—Ä–µ —Å–æ–≤—Ä–µ–º–µ–Ω–Ω–æ–π –∫—É–ª—å—Ç—É—Ä—ã ¬´–°—Ç–µ–ø—å¬ªüåæ 
 
#–ø—É—à–∫–∏–Ω—Å–∫–∞—è–∫–∞—Ä—Ç–∞ #—Ü—Å–∫_—Å—Ç–µ–ø—å #–í—ã—Å—Ç–∞–≤–∫–∏ #–ª–µ–∫—Ü–∏–∏—Å—Ç–µ–ø—å",0,2.0,vk,0,3,1,216,837,1,2022,12,3,7
34,2022-11-28 15:24:25,"–û—Ç–∫—Ä—ã—Ç–∏–µ –≤—ã—Å—Ç–∞–≤–∫–∏ ¬´–ó–∏–º–Ω–∏–π —ç—Ç—é–¥¬ª | 2.12 

2 –¥–µ–∫–∞–±—Ä—è –æ—Ç–∫—Ä—ã–≤–∞–µ–º –Ω–æ–≤—É—é –≤–ø–µ—á–∞—Ç–ª—è—é—â—É—é –≤—ã—Å—Ç–∞–≤–∫—É ¬´–ó–∏–º–Ω–∏–π —ç—Ç—é–¥¬ª ‚Äì –æ –∫—Ä–∞—Å–æ—Ç–µ –∏ —Ç–∞–∏–Ω—Å—Ç–≤–µ–Ω–Ω–æ–º –æ—á–∞—Ä–æ–≤–∞–Ω–∏–∏ –∑–∏–º–Ω–µ–≥–æ –≤—Ä–µ–º–µ–Ω–∏ –≥–æ–¥–∞. 

–ó—Ä–∏—Ç–µ–ª–∏ —Å–º–æ–≥—É—Ç –ø—Ä–∏–∫–æ—Å–Ω—É—Ç—å—Å—è –∫ –º–∏—Ä—É —Ñ–∞–Ω—Ç–∞–∑–∏–π –∏ –Ω–∞—Å—Ç–æ—è—â–µ–π —Å–∫–∞–∑–∫–∏ —á–µ—Ä–µ–∑ –∑–∏–º–Ω–∏–µ —Å—é–∂–µ—Ç—ã, —Å–æ–∑–¥–∞–Ω–Ω—ã–µ —Å–æ–≤—Ä–µ–º–µ–Ω–Ω—ã–º–∏ –¥–æ–Ω—Å–∫–∏–º–∏ —Ö—É–¥–æ–∂–Ω–∏–∫–∞–º–∏ —á–µ—Ä–µ–∑ –ø—Ä–∏–∑–º—É —Å–æ–±—Å—Ç–≤–µ–Ω–Ω–æ–≥–æ –º–∏—Ä–æ–æ—â—É—â–µ–Ω–∏—è, –¥–µ—Ç—Å–∫–∏—Ö –≤–æ—Å–ø–æ–º–∏–Ω–∞–Ω–∏–π –∏ –∞—Å—Å–æ—Ü–∏–∞—Ü–∏–π.

–ú—ã –æ–±—ä–µ–¥–∏–Ω–∏–ª–∏ —Å—Ä–∞–∑—É –Ω–µ—Å–∫–æ–ª—å–∫–æ —Ö—É–¥–æ–∂–µ—Å—Ç–≤–µ–Ω–Ω—ã—Ö –∂–∞–Ω—Ä–æ–≤ –∏ –Ω–∞–ø—Ä–∞–≤–ª–µ–Ω–∏–π –≤ –æ–¥–Ω–æ–º –º–µ—Å—Ç–µ –∏ –≤ –æ–¥–Ω–æ –≤—Ä–µ–º—è, —á—Ç–æ–±—ã –¶–°–ö ¬´–°—Ç–µ–ø—å¬ª —Å—Ç–∞–ª –µ—â–µ –æ–¥–Ω–æ–π –ª–æ–∫–∞—Ü–∏–µ–π –¥–ª—è —Å–µ–º–µ–π–Ω—ã—Ö –≤—Å—Ç—Ä–µ—á –≤ –Ω–æ–≤–æ–≥–æ–¥–Ω–∏–µ –ø—Ä–∞–∑–¥–Ω–∏–∫–∏ –∏ –≤—ã—Ö–æ–¥–Ω—ã–µ!

–õ–∏—Å—Ç–∞–π—Ç–µ –∫–∞—Ä—É—Å–µ–ª—å, —á—Ç–æ–±—ã –ø–æ–∑–Ω–∞–∫–æ–º–∏—Ç—å—Å—è —Å —Ö—É–¥–æ–∂–Ω–∏–∫–∞–º–∏ —ç—Ç–æ–π –≤—ã—Å—Ç–∞–≤–∫–∏üëâüèª

‚è≥2 –¥–µ–∫–∞–±—Ä—è
üéü–í—Ö–æ–¥ —Å–≤–æ–±–æ–¥–Ω—ã–π

‚ùï–í —Å–≤—è–∑–∏ —Å —Ä–µ—ç–∫—Å–ø–æ–∑–∏—Ü–∏–µ–π –∑–∞–ª—ã –¶–°–ö ¬´–°—Ç–µ–ø—å¬ª –≤—Ä–µ–º–µ–Ω–Ω–æ, —Å 28 –ø–æ 30 –Ω–æ—è–±—Ä—è, –∑–∞–∫—Ä—ã—Ç—ã –¥–ª—è –ø–æ—Å–µ—â–µ–Ω–∏—è.

–°—Ç–∞–Ω—å—Ç–µ –ø–µ—Ä–≤—ã–º–∏ –∑—Ä–∏—Ç–µ–ª—è–º–∏ –Ω–æ–≤–æ–π –≤—ã—Å—Ç–∞–≤–∫–∏ ‚Äì –ø—Ä–∏—Ö–æ–¥–∏—Ç–µ –Ω–∞ –æ—Ç–∫—Ä—ã—Ç–∏–µ. –î–æ –≤—Å—Ç—Ä–µ—á–∏!

–¶–µ–Ω—Ç—Ä —Å–æ–≤—Ä–µ–º–µ–Ω–Ω–æ–π –∫—É–ª—å—Ç—É—Ä—ã ¬´–°—Ç–µ–ø—å¬ª
—É–ª. –ë–µ—Ä–µ–≥–æ–≤–∞—è, 12",0,4.0,api,5,11,2,419,887,0,2022,11,0,15
35,2022-11-28 15:23:13,"| –ú–æ–∂–Ω–æ –ª–∏ –∫—É–ø–∏—Ç—å –∫–∞—Ä—Ç–∏–Ω—ã, –ø—Ä–µ–¥—Å—Ç–∞–≤–ª–µ–Ω–Ω—ã–µ –≤ @centr.step ?|

–î–∞, –º–æ–∂–Ω–æ. –í–µ–¥—å –∫–∞—Ä—Ç–∏–Ω—ã —É–∫—Ä–∞—à–∞—é—Ç –Ω–µ —Ç–æ–ª—å–∫–æ –∫–æ–º–Ω–∞—Ç—É, –Ω–æ –∏ –∂–∏–∑–Ω—å. –û–Ω–∏ –º–æ–≥—É—Ç –≤—ã—Å—Ç—É–ø–∞—Ç—å —Å—Ä–µ–¥—Å—Ç–≤–æ–º —Å–∞–º–æ–≤—ã—Ä–∞–∂–µ–Ω–∏—è, —Ä–∞—Å–∫—Ä—ã–≤–∞—è —á–µ—Ä—Ç—ã —Ö–∞—Ä–∞–∫—Ç–µ—Ä–∞ –≤–ª–∞–¥–µ–ª—å—Ü–∞, –∏–ª–∏ –ø–æ—Å—Ç–æ—è–Ω–Ω—ã–º –∏—Å—Ç–æ—á–Ω–∏–∫–æ–º –≤–¥–æ—Ö–Ω–æ–≤–µ–Ω–∏—è ‚Äì –Ω–∞ —Ç–≤–æ—Ä—á–µ—Å—Ç–≤–æ –∏ —Å–∞–º–æ—Å–æ–≤–µ—Ä—à–µ–Ω—Å—Ç–≤–æ–≤–∞–Ω–∏–µ.

–ê –¥–ª—è –∫–æ–≥–æ-—Ç–æ —Å–æ–±–∏—Ä–∞–Ω–∏–µ —Ö—É–¥–æ–∂–µ—Å—Ç–≤–µ–Ω–Ω—ã—Ö –∫–æ–ª–ª–µ–∫—Ü–∏–π ‚Äì —Å–ø–æ—Å–æ–± –≤–Ω–µ—Å—Ç–∏ –≤–∫–ª–∞–¥ –≤ –∏—Å–∫—É—Å—Å—Ç–≤–æ –∏ –ø–æ–¥–¥–µ—Ä–∂–∞—Ç—å —Ö—É–¥–æ–∂–Ω–∏–∫–∞üé®

–¢–µ–ø–µ—Ä—å –≤—ã –º–æ–∂–µ—Ç–µ –ø—Ä–∏–æ–±—Ä–µ—Å—Ç–∏ –ø—Ä–æ–∏–∑–≤–µ–¥–µ–Ω–∏—è, –ø—Ä–µ–¥—Å—Ç–∞–≤–ª–µ–Ω–Ω—ã–µ –≤ –Ω–∞—à–µ–º –ø—Ä–æ—Å—Ç—Ä–∞–Ω—Å—Ç–≤–µ. –î–ª—è —ç—Ç–æ–≥–æ –¥–æ—Å—Ç–∞—Ç–æ—á–Ω–æ –ø–µ—Ä–µ–π—Ç–∏ –ø–æ QR-–∫–æ–¥—É, —Ä–∞—Å–ø–æ–ª–æ–∂–µ–Ω–Ω–æ–º—É —Ä—è–¥–æ–º —Å –æ–ø–∏—Å–∞–Ω–∏–µ–º –∫–∞—Ä—Ç–∏–Ω—ã, —á—Ç–æ–±—ã –æ–∑–Ω–∞–∫–æ–º–∏—Ç—å—Å—è —Å–æ —Å—Ç–æ–∏–º–æ—Å—Ç—å—é, –∏ –æ–±—Ä–∞—Ç–∏—Ç—å—Å—è –∫ —Å–æ—Ç—Ä—É–¥–Ω–∏–∫—É @centr.step üåæ

–¶–µ–Ω—Ç—Ä —Å–æ–≤—Ä–µ–º–µ–Ω–Ω–æ–π –∫—É–ª—å—Ç—É—Ä—ã ¬´–°—Ç–µ–ø—å¬ª
—É–ª. –ë–µ—Ä–µ–≥–æ–≤–∞—è, 12

#–≤—ã—Å—Ç–∞–≤–∫–∞ #—Ö—É–¥–æ–∂–Ω–∏–∫ #–≥–∞–ª–µ—Ä–µ—è #–∫—É–ª—å—Ç—É—Ä–∞ #–∏—Å–∫—É—Å—Å—Ç–≤–æ",0,1.0,api,2,9,0,327,734,0,2022,11,0,15
36,2022-11-26 16:31:53,"| –≠–ª—å–∑–∞ –°–∫–∏–∞–ø–∞—Ä–µ–ª–ª–∏ –∏ –°–∞–ª—å–≤–∞–¥–æ—Ä –î–∞–ª–∏: –ø—Ä–æ–≤–æ–∫–∞—Ü–∏—è –∏ —Å—é—Ä—Ä–µ–∞–ª–∏–∑–º –≤ –º–æ–¥–µ | 

–õ–µ–∫—Ü–∏—è –†—É—Å–ª–∞–Ω–∞ –ú–∏–≥—Ä–∞–Ω–æ–≤–∞.

‚è≥7 –¥–µ–∫–∞–±—Ä—è, 18:00
üéü–°—Ç–æ–∏–º–æ—Å—Ç—å –±–∏–ª–µ—Ç–∞ ‚Äî 1900‚ÇΩ

–ì–¥–µ, –µ—Å–ª–∏ –Ω–µ –≤ –ü–∞—Ä–∏–∂–µ 1930-—Ö –≥–æ–¥–æ–≤, —ç–ø–∏—Ü–µ–Ω—Ç—Ä–µ –∞–≤–∞–Ω–≥–∞—Ä–¥–Ω–æ–≥–æ –∏—Å–∫—É—Å—Å—Ç–≤–∞, –º–æ–≥–ª–∏ –≤—Å—Ç—Ä–µ—Ç–∏—Ç—å—Å—è –¥–≤–∞ —è—Ä–∫–∏—Ö –ø—Ä–æ–≤–æ–∫–∞—Ü–∏–æ–Ω–Ω—ã—Ö —Ö—É–¥–æ–∂–Ω–∏–∫–∞ ‚Äî —Å—é—Ä—Ä–µ–∞–ª–∏—Å—Ç –°–∞–ª—å–≤–∞–¥–æ—Ä –î–∞–ª–∏ –∏ –ø—Ä–æ–≤–æ–∫–∞—Ü–∏–æ–Ω–Ω—ã–π –º–æ–¥–µ–ª—å–µ—Ä –≠–ª—å–∑–∞ –°–∫–∏–∞–ø–∞—Ä–µ–ª–ª–∏? –£ –º–æ–¥—ã –∏ –∏—Å–∫—É—Å—Å—Ç–≤–∞, —Å—á–∏—Ç–∞–ª–∏ –æ–Ω–∏, –æ–¥–Ω–∞ —Ü–µ–ª—å ‚Äî  –æ–±–æ–≥–∞—Ç–∏—Ç—å –∏ —É–≥–ª—É–±–∏—Ç—å –ø–æ–Ω–∏–º–∞–Ω–∏–µ –º–∏—Ä–∞, –∫–æ—Ç–æ—Ä—ã–π –Ω–∞—Å –æ–∫—Ä—É–∂–∞–µ—Ç.

–≠—Ç–∞ –∫—Ä–µ–ø–∫–∞—è –¥—Ä—É–∂–±–∞ –°–∫–∏–∞–ø–∞—Ä–µ–ª–ª–∏ —Å–æ –∑–Ω–∞–º–µ–Ω–∏—Ç—ã–º –∂–∏–≤–æ–ø–∏—Å—Ü–µ–º –æ–∫–∞–∑–∞–ª–∞ –∑–Ω–∞—á–∏—Ç–µ–ª—å–Ω–æ–µ –≤–ª–∏—è–Ω–∏–µ –Ω–∞ —Ñ–æ—Ä–º–∏—Ä–æ–≤–∞–Ω–∏–µ –µ–µ –º–æ–¥–Ω—ã—Ö –≤–∑–≥–ª—è–¥–æ–≤ –∏ —Å—Ç–∞–ª–∞ –≤–¥–æ—Ö–Ω–æ–≤–µ–Ω–∏–µ–º –¥–ª—è —Å–∞–º—ã—Ö –Ω–µ–≤–µ—Ä–æ—è—Ç–Ω—ã—Ö –≤–µ—â–µ–π –∏–∑ –µ–µ –∫–æ–ª–ª–µ–∫—Ü–∏–π.

–û —Ç–æ–º, —á—Ç–æ –ø–æ–ª—É—á–∏–ª–æ—Å—å –∏–∑ —ç—Ç–æ–≥–æ —ç–∫—Å—Ç—Ä–∞–≤–∞–≥–∞–Ω—Ç–Ω–æ–≥–æ —Å–æ—é–∑–∞ —Å—é—Ä—Ä–µ–∞–ª–∏—Å—Ç–∞ –∏ –º–æ–¥–µ–ª—å–µ—Ä–∞, –≤—ã —É–∑–Ω–∞–µ—Ç–µ –∏–∑ –Ω–æ–≤–æ–π –ª–µ–∫—Ü–∏–∏ –∏—Å—Ç–æ—Ä–∏–∫–∞ –º–æ–¥—ã –†—É—Å–ª–∞–Ω–∞ –ú–∏–≥—Ä–∞–Ω–æ–≤–∞.

‚ñ™Ô∏è7 –¥–µ–∫–∞–±—Ä—è, 18:00
‚ñ™Ô∏è–°—Ç–æ–∏–º–æ—Å—Ç—å –±–∏–ª–µ—Ç–∞ ‚Äî1900‚ÇΩ
‚ñ™Ô∏è–°—Å—ã–ª–∫–∞ –Ω–∞ –ø–æ–∫—É–ø–∫—É –±–∏–ª–µ—Ç–æ–≤: https://tsentr-sovremennoy--2022.timepad.ru/event/2248541/

–¶–µ–Ω—Ç—Ä —Å–æ–≤—Ä–µ–º–µ–Ω–Ω–æ–π –∫—É–ª—å—Ç—É—Ä—ã ¬´–°—Ç–µ–ø—å¬ª
—É–ª. –ë–µ—Ä–µ–≥–æ–≤–∞—è, 12

#–ª–µ–∫—Ü–∏—è #–∏—Å—Ç–æ—Ä–∏—è–º–æ–¥—ã #—Å—é—Ä–∏–∞–ª–∏–∑–º #–º–æ–¥–Ω—ã–µ—Ç–µ–Ω–¥–µ–Ω—Ü–∏–∏ #—Ü—Å–∫_—Å—Ç–µ–ø—å",0,4.0,api,0,6,3,478,1021,0,2022,11,5,16
37,2022-11-24 14:59:23,"QR-–∫–æ–¥ –¥–ª—è –±—ã—Å—Ç—Ä–æ–≥–æ –¥–æ—Å—Ç—É–ø–∞ –∫ –∏—Å–∫—É—Å—Å—Ç–≤—Éüñº 
 
–ï—Å–ª–∏ –≤—ã —Å–æ–±–∏—Ä–∞–µ—Ç–µ—Å—å –≤ –¶–°–ö ¬´–°—Ç–µ–ø—å¬ª –≤ –ø–µ—Ä–≤—ã–π —Ä–∞–∑, –ø–æ–¥–≥–æ—Ç–æ–≤—å—Ç–µ —Å–º–∞—Ä—Ç—Ñ–æ–Ω –Ω–µ —Ç–æ–ª—å–∫–æ –¥–ª—è —Ñ–æ—Ç–æ–≥—Ä–∞—Ñ–∏–π! 
 
–£ –∫–∞–∂–¥–æ–≥–æ –æ–±—ä–µ–∫—Ç–∞ –Ω–∞—à–µ–π –≤—ã—Å—Ç–∞–≤–∫–∏ —Ä–∞—Å–ø–æ–ª–æ–∂–µ–Ω –∏–Ω–¥–∏–≤–∏–¥—É–∞–ª—å–Ω—ã–π QR-–∫–æ–¥. –í—Å–µ–≥–æ –∑–∞ –ø–∞—Ä—É –∫–ª–∏–∫–æ–≤ —Å –ø–æ–º–æ—â—å—é –∫–∞–º–µ—Ä—ã —Ç–µ–ª–µ—Ñ–æ–Ω–∞ –≤—ã –º–æ–∂–µ—Ç–µ –ø–µ—Ä–µ–π—Ç–∏ –Ω–∞ —Å–∞–π—Ç, —á—Ç–æ–±—ã: 
‚úî—É–∑–Ω–∞—Ç—å –ø–æ–¥—Ä–æ–±–Ω–µ–µ –æ –∫–∞–∂–¥–æ–π —Ä–∞–±–æ—Ç–µ 
‚úî–ø–æ–∑–Ω–∞–∫–æ–º–∏—Ç—å—Å—è —Å –∞–≤—Ç–æ—Ä–æ–º 
‚úî–ø—Ä–∏–æ–±—Ä–µ—Å—Ç–∏ —Ä–∞–±–æ—Ç—É –¥–ª—è –ª–∏—á–Ω–æ–π –∫–æ–ª–ª–µ–∫—Ü–∏–∏ 
 
–ü–æ–ª—å–∑—É–π—Ç–µ—Å—å –∫–æ–¥–æ–º, —á—Ç–æ–±—ã –µ—â–µ –±—ã—Å—Ç—Ä–µ–µ –∏ –≥–ª—É–±–∂–µ –ø–æ–≥—Ä—É–∑–∏—Ç—å—Å—è –≤ –º–∏—Ä —Å–æ–≤—Ä–µ–º–µ–Ω–Ω–æ–≥–æ –∏—Å–∫—É—Å—Å—Ç–≤–∞! 
 
–¶–µ–Ω—Ç—Ä —Å–æ–≤—Ä–µ–º–µ–Ω–Ω–æ–π –∫—É–ª—å—Ç—É—Ä—ã ¬´–°—Ç–µ–ø—å¬ª 
—É–ª. –ë–µ—Ä–µ–≥–æ–≤–∞—è, 12 
 
#—Ü—Å–∫_—Å—Ç–µ–ø—å #–≤—ã—Å—Ç–∞–≤–∫–∞ #–∫–∞—Ä—Ç–∏–Ω—ã #—Ö—É–¥–æ–∂–µ—Å—Ç–≤–µ–Ω–Ω–∞—è–≤—ã—Å—Ç–∞–≤–∫–∞ #–∏—Å–∫—É—Å—Å—Ç–≤–æ #—Ö—É–¥–æ–∂–Ω–∏–∫—Ä–æ—Å—Ç–æ–≤",0,1.0,vk,8,7,0,418,623,1,2022,11,3,14
38,2022-11-22 10:36:38,"‚õîÔ∏è SOLD OUT ‚õîÔ∏è

–ë—É–¥–µ–º —Ä–∞–¥—ã –≤–∏–¥–µ—Ç—å –≤–∞—Å –Ω–∞ –¥—Ä—É–≥–∏—Ö –Ω–∞—à–∏—Ö –º–µ—Ä–æ–ø—Ä–∏—è—Ç–∏—è—Ö!

| –í–µ—á–µ—Ä –¥–∂–∞–∑–æ–≤–æ–π –º—É–∑—ã–∫–∏ | 
 
–¢—Ä–∏–æ –û–ª—å–≥–∏ –ë–∞—Ä–∞–Ω–æ–≤–æ–π 
 
‚è≥26 –Ω–æ—è–±—Ä—è, 18:00 
üéü–°—Ç–æ–∏–º–æ—Å—Ç—å –±–∏–ª–µ—Ç–∞ ‚Äî 500‚ÇΩ 
 
–ü—Ä–∏–≥–ª–∞—à–∞–µ–º –≤—Å–µ—Ö –ª—é–±–∏—Ç–µ–ª–µ–π –∞–∫–∞–¥–µ–º–∏—á–µ—Å–∫–∏–π –∏ –¥–∂–∞–∑–æ–≤–æ–π –º—É–∑—ã–∫–∏ –Ω–∞ –∫–æ–Ω—Ü–µ—Ä—Ç —Ç—Ä–∏–æ –û–ª—å–≥–∏ –ë–∞—Ä–∞–Ω–æ–≤–æ–π ‚Äì –∞–Ω—Å–∞–º–±–ª—è –º–æ–ª–æ–¥—ã—Ö —Ç–∞–ª–∞–Ω—Ç–ª–∏–≤—ã—Ö –º—É–∑—ã–∫–∞–Ω—Ç–æ–≤ –†–æ—Å—Ç–æ–≤–∞-–Ω–∞-–î–æ–Ω—É, –æ–¥–Ω–∏—Ö –∏–∑ —Å–∞–º—ã—Ö –≤–æ—Å—Ç—Ä–µ–±–æ–≤–∞–Ω–Ω—ã—Ö –Ω–∞ —é–≥–µ –†–æ—Å—Å–∏–∏. 
 
–í —Å–æ—Å—Ç–∞–≤–µ —Ç—Ä–∏–æ: 
‚ñ´–ë–∞—Ä–∞–Ω–æ–≤–∞ –û–ª—å–≥–∞ ‚Äî —Ñ–æ—Ä—Ç–µ–ø–∏–∞–Ω–æ 
‚ñ´–ö—Ä–∏–≤–µ–Ω–∫–æ –û–ª–µ–≥ ‚Äî —Å–∞–∫—Å–æ—Ñ–æ–Ω 
‚ñ´–ë–µ–ª–∞–Ω –ü–æ–ª–∏–Ω–∞ ‚Äî –∫–æ–Ω—Ç—Ä–∞–±–∞—Å 
 
–ú—É–∑—ã–∫–∞–ª—å–Ω—ã–π —Å—Ç–∏–ª—å –∞–Ω—Å–∞–º–±–ª—è –≤—ã—Ö–æ–¥–∏—Ç –∑–∞ —Ä–∞–º–∫–∏ —Ç—Ä–∞–¥–∏—Ü–∏–æ–Ω–Ω–æ–≥–æ –¥–∂–∞–∑–∞, –Ω–æ –æ—Ä–≥–∞–Ω–∏—á–Ω–æ —Å–ª–∏–≤–∞–µ—Ç—Å—è —Å –∞–∫–∞–¥–µ–º–∏—á–µ—Å–∫–æ–π —Ç—Ä–∞–¥–∏—Ü–∏–µ–π, –≥–¥–µ –∑–∞–¥–∞–Ω–Ω–∞—è —Ç–µ–º–∞ –∫–æ–º–ø–æ–∑–∏—Ü–∏–∏ –ø–ª–∞–≤–Ω–æ –ø–µ—Ä–µ—Ç–µ–∫–∞–µ—Ç –≤ –∏–º–ø—Ä–æ–≤–∏–∑–∞—Ü–∏—é. 
 
–•–∞—Ä–∞–∫—Ç–µ—Ä –º—É–∑—ã–∫–∏ –æ—Ç—Ä–∞–∂–∞–µ—Ç –ø–µ—Ä–µ–∂–∏–≤–∞–Ω–∏—è –∏ –º–∏—Ä–æ–≤–æ–∑–∑—Ä–µ–Ω–∏–µ –∞–≤—Ç–æ—Ä–∞ ‚Äì —ç–º–æ—Ü–∏–æ–Ω–∞–ª—å–Ω–æ, –æ—Ç–∫—Ä—ã—Ç–æ –∏ –Ω–µ–∏–∑–º–µ–Ω–Ω–æ –∏—Å–∫—Ä–µ–Ω–Ω–µ. 
 
‚ñ™26 –Ω–æ—è–±—Ä—è, 18:00 
‚ñ™–°—Ç–æ–∏–º–æ—Å—Ç—å ‚Äî 500 ‚ÇΩ
 
–¶–µ–Ω—Ç—Ä —Å–æ–≤—Ä–µ–º–µ–Ω–Ω–æ–π –∫—É–ª—å—Ç—É—Ä—ã ¬´–°—Ç–µ–ø—å¬ª 
—É–ª. –ë–µ—Ä–µ–≥–æ–≤–∞—è, 12 
 
#—Ü—Å–∫_—Å—Ç–µ–ø—å #–≤—ã—Å—Ç–∞–≤–∫–∏ #—Ç–≤–æ—Ä—á–µ—Å–∫–∏–π–≤–µ—á–µ—Ä #–∫—É–ª—å—Ç—É—Ä–∞—Ä–æ—Å—Ç–æ–≤ ##–∫–æ–Ω—Ü–µ—Ä—Ç—ã—Ä–æ—Å—Ç–æ–≤ #–¥–∂–∞–∑—Ä–æ—Å—Ç–æ–≤",0,4.0,vk,2,3,0,325,938,1,2022,11,1,10
39,2022-11-22 10:34:34,"–ü—Ä–æ–¥–æ–ª–∂–∞–µ–º –∑–Ω–∞–∫–æ–º–∏—Ç—å –≤–∞—Å —Å —Ö—É–¥–æ–∂–Ω–∏–∫–∞–º–∏ –î–æ–Ω—Å–∫–æ–≥–æ –∫—Ä–∞—è. 
 
–ß—É—Ç—å –±–æ–ª—å—à–µ –Ω–µ–¥–µ–ª–∏ –¥–æ –æ–∫–æ–Ω—á–∞–Ω–∏—è –≥–ª–∞–≤–Ω–æ–π —ç–∫—Å–ø–æ–∑–∏—Ü–∏–∏ —ç—Ç–æ–π –æ—Å–µ–Ω–∏ ‚Äì –±–æ–ª—å—à–æ–π –∏ –æ—Å–æ–±–µ–Ω–Ω–æ–π –¥–ª—è –Ω–∞—à–µ–≥–æ —Ü–µ–Ω—Ç—Ä–∞ –≤—ã—Å—Ç–∞–≤–∫–∏, –ø–æ—Å–≤—è—â–µ–Ω–Ω–æ–π –î–Ω—é —Ö—É–¥–æ–∂–Ω–∏–∫–∞üé® 
 
18 —Ç–∞–ª–∞–Ω—Ç–ª–∏–≤—ã—Ö –∞–≤—Ç–æ—Ä–æ–≤ –∂–¥—É—Ç –≤—Å—Ç—Ä–µ—á–∏ —Å–æ —Å–≤–æ–∏–º –∑—Ä–∏—Ç–µ–ª–µ–π, —á—Ç–æ–±—ã –ø–æ–∫–∞–∑–∞—Ç—å, –∫–∞–∫ —Ä–∞–∑–Ω–æ–æ–±—Ä–∞–∑–Ω–æ —Å–æ–≤—Ä–µ–º–µ–Ω–Ω–æ–µ –∏—Å–∫—É—Å—Å—Ç–≤–æ. –ö–∞—Ä—Ç–∏–Ω—ã –∏ —Å–∫—É–ª—å–ø—Ç—É—Ä—ã –≤ —Å–æ–≤–µ—Ä—à–µ–Ω–Ω–æ —Ä–∞–∑–Ω—ã—Ö –Ω–∞–ø—Ä–∞–≤–ª–µ–Ω–∏—è—Ö, –∂–∞–Ω—Ä–∞—Ö –∏ —Ç–µ—Ö–Ω–∏–∫–∞—Ö –∏—Å–ø–æ–ª–Ω–µ–Ω–∏—è ‚Äì —Å —ç—Ç–∏–º –≤–∞—Å –ø–æ–∑–Ω–∞–∫–æ–º–∏—Ç –Ω–∞—à–µ —É–Ω–∏–∫–∞–ª—å–Ω–æ–µ –ø—Ä–æ—Å—Ç—Ä–∞–Ω—Å—Ç–≤–æ ¬´–°—Ç–µ–ø—å¬ª. 
 
–£–∑–Ω–∞—Ç—å –ø–æ–¥—Ä–æ–±–Ω–µ–µ –æ –∫–∞–∂–¥–æ–π —Ä–∞–±–æ—Ç–µ –º–æ–∂–Ω–æ –≤ —Ä–µ–∂–∏–º–µ online —Å –ø–æ–º–æ—â—å—é QR-–∫–æ–¥–∞, —Ä–∞—Å–ø–æ–ª–æ–∂–µ–Ω–Ω–æ–≥–æ —Ä—è–¥–æ–º —Å –∫–∞—Ä—Ç–∏–Ω–æ–π. 
 
–ï—Å–ª–∏ –≤—ã –¥–∞–≤–Ω–æ –æ—Ç–∫–ª–∞–¥—ã–≤–∞–ª–∏ –∑–Ω–∞–∫–æ–º—Å—Ç–≤–æ —Å –≤—ã—Å—Ç–∞–≤–∫–æ–π, —Å–µ–π—á–∞—Å ‚Äì —Å–∞–º–æ–µ –≤—Ä–µ–º—èü§ç 
 
‚è≥–í—Ç-–í—Å: 12:00-20:00 
üéü–í—Ö–æ–¥ —Å–≤–æ–±–æ–¥–Ω—ã–π 
 
–í—ã—Å—Ç–∞–≤–∫–∞ –ø—Ä–æ–¥–ª–∏—Ç—Å—è –¥–æ 27 –Ω–æ—è–±—Ä—è. 
 
–¶–µ–Ω—Ç—Ä —Å–æ–≤—Ä–µ–º–µ–Ω–Ω–æ–π –∫—É–ª—å—Ç—É—Ä—ã ¬´–°—Ç–µ–ø—å¬ª 
—É–ª. –ë–µ—Ä–µ–≥–æ–≤–∞—è, 12. 
 
#—Ü—Å–∫_—Å—Ç–µ–ø—å #–≤—ã—Å—Ç–∞–≤–∫–∞ #–¥–æ–Ω—Å–∫–∏–µ—Ö—É–¥–æ–∂–Ω–∏–∫–∏ #—Å–æ–≤—Ä–µ–º–µ–Ω–Ω–æ–µ–∏—Å–∫—É—Å—Å—Ç–≤–æ",0,1.0,vk,2,22,3,355,838,1,2022,11,1,10
40,2022-11-18 09:00:03,"–û–± –æ–¥–Ω–æ–º –∏–∑ –≥–ª–∞–≤–Ω—ã—Ö –≤–∏–¥–æ–≤ —Å–æ–≤—Ä–µ–º–µ–Ω–Ω–æ–≥–æ –∏—Å–∫—É—Å—Å—Ç–≤–∞ ‚Äì –∏–Ω—Å—Ç–∞–ª–ª—è—Ü–∏–∏. 
 
–£–∂–µ –æ–∫–æ–ª–æ 50 –ª–µ—Ç –∏–Ω—Å—Ç–∞–ª–ª—è—Ü–∏–∏ –Ω–∞ –ø–∏–∫–µ –º–æ–¥—ã. –ö –Ω–∏–º –≤—ã—Å—Ç—Ä–∞–∏–≤–∞—é—Ç—Å—è –æ—á–µ—Ä–µ–¥–∏, –∞ –∑—Ä–∏—Ç–µ–ª–∏ –Ω–µ –º–æ–≥—É—Ç –æ—Ç–æ—Ä–≤–∞—Ç—å –≤–∑–≥–ª—è–¥. 
 
–ú—ã –ø–æ–∑–Ω–∞–∫–æ–º–∏–º –≤–∞—Å —Å —Å–∞–º—ã–º–∏ –∑–Ω–∞–∫–æ–≤—ã–º–∏ —Ä–∞–±–æ—Ç–∞–º–∏ –≤ –∂–∞–Ω—Ä–µ –∏–Ω—Å—Ç–∞–ª–ª—è—Ü–∏–∏ –æ—Ç –ú–∞—Ä—Å–µ–ª—è –î—é—à–∞–Ω–∞ –¥–æ –ò–ª—å–∏ –ö–∞–±–∞–∫–æ–≤–∞. 
 
–¶–µ–Ω—Ç—Ä —Å–æ–≤—Ä–µ–º–µ–Ω–Ω–æ–π –∫—É–ª—å—Ç—É—Ä—ã ¬´–°—Ç–µ–ø—å¬ª 
—É–ª. –ë–µ—Ä–µ–≥–æ–≤–∞—è, 13 
 
#—Ü—Å–∫_—Å—Ç–µ–ø—å #–∏–Ω—Å—Ç–∞–ª–ª—è—Ü–∏—è #–≤—ã—Å—Ç–∞–≤–∫–∏—Ä–æ—Å—Ç–æ–≤ #–∏—Å–∫—É—Å—Å—Ç–≤–æ",0,1.0,vk,2,6,0,316,390,1,2022,11,4,9
41,2022-11-18 06:00:02,"–ú—ã –∑–Ω–∞–µ–º, –∫–∞–∫ –¥–ª—è —Ö—É–¥–æ–∂–Ω–∏–∫–∞ –≤–∞–∂–µ–Ω –∑—Ä–∏—Ç–µ–ª—å! –ü–æ—ç—Ç–æ–º—É –º—ã —Å–æ–∑–¥–∞–ª–∏ —Ç–∞–∫–æ–µ –ø—Ä–æ—Å—Ç—Ä–∞–Ω—Å—Ç–≤–æ, –≤ –∫–æ—Ç–æ—Ä–æ–º —ç—Ç–∏ –¥–≤–æ–µ –º–æ–≥—É—Ç –≤—Å—Ç—Ä–µ—Ç–∏—Ç—å—Å—è –≤ –ø—Ä–µ–∫—Ä–∞—Å–Ω–æ–π –æ–±—Å—Ç–∞–Ω–æ–≤–∫–µüåæ 
 
–î–ª—è —ç—Ç–æ–≥–æ –æ—Å–æ–±–µ–Ω–Ω–æ–≥–æ –∑–Ω–∞–∫–æ–º—Å—Ç–≤–∞ –≤ —Ü–µ–Ω—Ç—Ä–µ —Å–æ–≤—Ä–µ–º–µ–Ω–Ω–æ–π –∫—É–ª—å—Ç—É—Ä—ã ¬´–°—Ç–µ–ø—å¬ª –µ—Å—Ç—å –≤—Å–µ –Ω–µ–æ–±—Ö–æ–¥–∏–º–æ–µ –∏ –¥–∞–∂–µ –±–æ–ª—å—à–µ: 
‚ñ´–ø—Ä–æ—Å—Ç–æ—Ä–Ω—ã–π –∑–∞–ª, –≤–º–µ—â–∞—é—â–∏–π 50-60 —á–µ–ª–æ–≤–µ–∫ 
‚ñ´–≤–æ–∑–º–æ–∂–Ω–æ—Å—Ç—å –¥–µ–º–æ–Ω—Å—Ç—Ä–∏—Ä–æ–≤–∞—Ç—å –ø—Ä–µ–∑–µ–Ω—Ç–∞—Ü–∏–∏ —Å–≤–æ–∏—Ö —Ä–∞–±–æ—Ç –Ω–∞ —ç–∫—Ä–∞–Ω–µ —Å –ø—Ä–æ–µ–∫—Ç–æ—Ä–æ–º 
‚ñ´–º–∏–∫—Ä–æ—Ñ–æ–Ω—ã –¥–ª—è –≤—ã—Å—Ç—É–ø–ª–µ–Ω–∏–π 
‚ñ´–∏–º–ø—Ä–æ–≤–∏–∑–∞—Ü–∏–æ–Ω–Ω–∞—è —Å—Ü–µ–Ω–∞ 
‚ñ´–≤–º–µ—Å—Ç–∏—Ç–µ–ª—å–Ω—ã–π –≥–∞—Ä–¥–µ—Ä–æ–± 
‚ñ´–∫–∞–º–µ—Ä–Ω–∞—è –æ–±—Å—Ç–∞–Ω–æ–≤–∫–∞ 
‚ñ´—Ä–∞—Å–ø–æ–ª–∞–≥–∞—é—â–∏–π –∫ —Å–æ–∑–µ—Ä—Ü–∞–Ω–∏—é –∏ –≤–¥–æ—Ö–Ω–æ–≤–µ–Ω–∏—é –¥–∏–∑–∞–π–Ω –ø—Ä–æ—Å—Ç—Ä–∞–Ω—Å—Ç–≤–∞ –≤ –≤–∏–¥–µ –∞–º—Ñ–∏—Ç–µ–∞—Ç—Ä–∞ 
 
–ï—Å–ª–∏ –≤—ã –º–µ—á—Ç–∞–µ—Ç–µ –≤—Å—Ç—Ä–µ—Ç–∏—Ç—å —Å–≤–æ–µ–≥–æ –∑—Ä–∏—Ç–µ–ª—è –∏–ª–∏ —á–∏—Ç–∞—Ç–µ–ª—è, –æ—Å—Ç–∞–≤–ª—è–π—Ç–µ –∑–∞—è–≤–∫–∏ –Ω–∞ –ø—Ä–æ–≤–µ–¥–µ–Ω–∏–µ –º–µ—Ä–æ–ø—Ä–∏—è—Ç–∏—è –∏–ª–∏ –≤—ã—Å—Ç–∞–≤–∫–∏ –ø–æ –Ω–æ–º–µ—Ä—É +7 (905) 430-90-00 
 
—É–ª. –ë–µ—Ä–µ–≥–æ–≤–∞—è, 12 
–¶–µ–Ω—Ç—Ä —Å–æ–≤—Ä–µ–º–µ–Ω–Ω–æ–π –∫—É–ª—å—Ç—É—Ä—ã ¬´–°—Ç–µ–ø—å¬ª 
 
#—Ü—Å–∫_—Å—Ç–µ–ø—å #–≤—ã—Å—Ç–∞–≤–∫–∞ #–∫—Ä–µ–∞—Ç–∏–≤–Ω–æ–µ–ø—Ä–æ—Å—Ç—Ä–∞–Ω—Å—Ç–≤–æ #–ª–µ–∫—Ü–∏–∏—Ä–æ—Å—Ç–æ–≤ #–≤—ã—Å—Ç–∞–≤–∫–∏—Ä–æ—Å—Ç–æ–≤",0,3.0,vk,4,9,2,285,832,1,2022,11,4,6
42,2022-11-17 20:02:11,"| –ê—Ñ–∏—à–∞ –º–µ—Ä–æ–ø—Ä–∏—è—Ç–∏–π | –Ω–æ—è–±—Ä—å-–¥–µ–∫–∞–±—Ä—å 
 
–ï—Å–ª–∏ –≤—ã –¥–∞–≤–Ω–æ –ø–ª–∞–Ω–∏—Ä—É–µ—Ç–µ —É—Å—Ç—Ä–æ–∏—Ç—å me time, —Å–∞–º–æ–µ –≤—Ä–µ–º—è —Ç–æ—á–Ω–æ –æ–ø—Ä–µ–¥–µ–ª–∏—Ç—å—Å—è —Å –¥–∞—Ç–æ–π. 
 
–°–º–æ—Ç—Ä–∏—Ç–µ —Ä–∞—Å–ø–∏—Å–∞–Ω–∏–µ, –≤—ã–±–∏—Ä–∞–π—Ç–µ –º–µ—Ä–æ–ø—Ä–∏—è—Ç–∏–µ –∏ –ø—Ä–∏—Ö–æ–¥–∏—Ç–µ –≤ –≥–æ—Å—Ç–∏, —á—Ç–æ–±—ã –ø–æ–≥—Ä—É–∑–∏—Ç—å—Å—è –≤ –º–∏—Ä —Å–æ–≤—Ä–µ–º–µ–Ω–Ω–æ–≥–æ –∏—Å–∫—É—Å—Å—Ç–≤–∞üåæ 
 
‚Ä¢ 15 –Ω–æ—è–±—Ä—è | 18:00 
–ë–ª–∞–≥–æ—Ç–≤–æ—Ä–∏—Ç–µ–ª—å–Ω–∞—è –ª–µ–∫—Ü–∏—è –ê–ª–∏—Å—ã –ó–∞–π—Ü–µ–≤–æ–π ¬´–ü–æ–≥—Ä—É–∂–µ–Ω–∏–µ –≤ –º–∏—Ä –º–µ—Ü–µ–Ω–∞—Ç–æ–≤ –†–æ—Å—Ç–æ–≤–∞ 20-21 –≤–≤.¬ª (–§–æ–Ω–¥ ¬´–Ø –µ—Å—Ç—å¬ª). 
 
‚Ä¢ 19 –Ω–æ—è–±—Ä—è | 18:30 
–ú—É–∑—ã–∫–∞–ª—å–Ω—ã–π –≤–µ—á–µ—Ä ¬´–û—Ç –ë–∞—Ä–æ–∫–∫–æ –¥–æ –°–æ–≤—Ä–µ–º–µ–Ω–Ω–æ—Å—Ç–∏¬ª –¥—É—ç—Ç –≥–∏—Ç–∞—Ä–∏—Å—Ç–æ–≤ ¬´Con Brio¬ª

‚Ä¢ 26 –Ω–æ—è–±—Ä—è | 18:00
–ú—É–∑—ã–∫–∞–ª—å–Ω—ã–π –≤–µ—á–µ—Ä —Å —Ç—Ä–∏–æ –û–ª—å–≥–∏ –ë–∞—Ä–∞–Ω–æ–≤–æ–π
 
‚Ä¢ 7 –¥–µ–∫–∞–±—Ä—è | 18:00 
–õ–µ–∫—Ü–∏—è –†—É—Å–ª–∞–Ω–∞ –ú–∏–≥—Ä–∞–Ω–æ–≤–∞ ¬´–≠–ª—å–∑–∞ –°–∫–∏–∞–ø–∞—Ä–µ–ª–ª–∏ –∏ –°–∞–ª—å–≤–∞–¥–æ—Ä –î–∞–ª–∏: –ø—Ä–æ–≤–æ–∫–∞—Ü–∏—è –∏ —Å—é—Ä—Ä–µ–∞–ª–∏–∑–º –≤ –º–æ–¥–µ –∏ –∏–Ω—Ç–µ—Ä—å–µ—Ä–µ¬ª 
 
–¶–µ–Ω—Ç—Ä —Å–æ–≤—Ä–µ–º–µ–Ω–Ω–æ–π –∫—É–ª—å—Ç—É—Ä—ã ¬´–°—Ç–µ–ø—å¬ª 
—É–ª. –ë–µ—Ä–µ–≥–æ–≤–∞—è, 12 
 
#–∫—É–ª—å—Ç—É—Ä–∞ #–∏—Å–∫—É—Å—Å—Ç–≤–æ #—Ü—Å–∫_—Å—Ç–µ–ø—å #–≤—ã—Å—Ç–∞–≤–∫–∏",0,1.0,vk,5,14,2,421,757,1,2022,11,3,20
43,2022-11-17 19:54:13,"–¶–µ–Ω—Ç—Ä —Å–æ–≤—Ä–µ–º–µ–Ω–Ω–æ–π –∫—É–ª—å—Ç—É—Ä—ã ¬´–°—Ç–µ–ø—å¬ª –≤ –ª–∏—Ü–∞—Ö: –î–º–∏—Ç—Ä–∏–π –°—ã—Ä–æ–≤ 
 
–ü—Ä–µ–¥—Å—Ç–∞–≤–ª—è–µ–º –≤–∞–º –µ—â–µ –æ–¥–Ω–æ–≥–æ –¥–æ–Ω—Å–∫–æ–≥–æ –∞–≤—Ç–æ—Ä–∞, —Å —Ä–∞–±–æ—Ç–∞–º–∏ –∫–æ—Ç–æ—Ä–æ–≥–æ –≤—ã –º–æ–∂–µ—Ç–µ –ø–æ–∑–Ω–∞–∫–æ–º–∏—Ç—å—Å—è –Ω–∞ –Ω–∞—à–µ–π –¥–µ–π—Å—Ç–≤—É—é—â–µ–π –≤—ã—Å—Ç–∞–≤–∫–µ, –ø–æ—Å–≤—è—â–µ–Ω–Ω–æ–π –ú–µ–∂–¥—É–Ω–∞—Ä–æ–¥–Ω–æ–º—É –¥–Ω—é —Ö—É–¥–æ–∂–Ω–∏–∫–∞. 
 
–î–º–∏—Ç—Ä–∏–π –°—ã—Ä–æ–≤ ‚Äì —Å–æ–≤—Ä–µ–º–µ–Ω–Ω—ã–π —Ö—É–¥–æ–∂–Ω–∏–∫, –ø–∏—à—É—â–∏–π –≤ —Å—Ç–∏–ª–µ ¬´–∞–±—Å—Ç—Ä–∞–∫—Ü–∏–æ–Ω–∏–∑–º¬ª –∏ –∏—Å–ø–æ–ª—å–∑—É—é—â–∏–π —Ç–µ—Ö–Ω–∏–∫—É —Ö–æ–ª–æ–¥–Ω–æ–≥–æ –≤–æ—Å–∫–∞ –∏ —ç–Ω–∫–∞—É—Å—Ç–∏–∫–∏. –ò–º–µ–Ω–Ω–æ —ç—Ç–∞ —Ç–≤–æ—Ä—á–µ—Å–∫–∞—è —Å–∏–º—Ñ–æ–Ω–∏—è –ø–æ–∑–≤–æ–ª—è–µ—Ç –µ–º—É –º–∞–∫—Å–∏–º–∞–ª—å–Ω–æ —Ç–æ—á–Ω–æ –∏ —Ç–æ–Ω–∫–æ –¥–æ–Ω–µ—Å—Ç–∏ —Å—É—Ç—å —Ä–∞–±–æ—Ç—ã –¥–æ –∑—Ä–∏—Ç–µ–ª—è, –Ω–æ –æ—Å—Ç–∞–≤–∏—Ç—å –ø—Ä–æ—Å—Ç—Ä–∞–Ω—Å—Ç–≤–æ –¥–ª—è –≤–æ–æ–±—Ä–∞–∂–µ–Ω–∏—è –∏ –¥–æ–º—ã—Å–ª–∏–≤–∞–Ω–∏—è –∏–¥–µ–∏. 
 
–ü—Ä–∏—Å–æ–µ–¥–∏–Ω—è–π—Ç–µ—Å—å –∫ –¥–∏–∞–ª–æ–≥—É —Å –º–∏—Ä–æ–º –∏—Å–∫—É—Å—Å—Ç–≤–∞ ‚Äì –ø—Ä–∏—Ö–æ–¥–∏—Ç–µ –∏ –ø–æ–∑–Ω–∞–∫–æ–º—å—Ç–µ—Å—å —Å —Ä–∞–±–æ—Ç–∞–º–∏ –î–º–∏—Ç—Ä–∏—è –°—ã—Ä–æ–≤–∞ —É–∂–µ —Å–µ–≥–æ–¥–Ω—è. 
 
‚è≥–í—Ç-–í—Å: 12:00-20:00 
üéü–í—Ö–æ–¥ —Å–≤–æ–±–æ–¥–Ω—ã–π 
 
–¶–µ–Ω—Ç—Ä —Å–æ–≤—Ä–µ–º–µ–Ω–Ω–æ–≥–æ –∏—Å–∫—É—Å—Å—Ç–≤–∞ ¬´–°—Ç–µ–ø—å¬ª 
—É–ª. –ë–µ—Ä–µ–≥–æ–≤–∞—è, 12",0,1.0,vk,0,9,0,256,727,1,2022,11,3,19
44,2022-11-09 07:00:01,"–í—ã—Å—Ç–∞–≤–∫–∞ –æ ¬´—Ö—É–¥–æ–∂–Ω–∏–∫–µ¬ª –ø—Ä–æ–¥–æ–ª–∂–∞–µ—Ç –≤—Å—Ç—Ä–µ—á–∞—Ç—å –≥–æ—Å—Ç–µ–π. 

16 —Ç–∞–ª–∞–Ω—Ç–ª–∏–≤—ã—Ö –¥–æ–Ω—Å–∫–∏—Ö –∞–≤—Ç–æ—Ä–æ–≤ –∏ –±–æ–ª—å—à–µ 50 —Ä–∞–∑–Ω–æ–∂–∞–Ω—Ä–æ–≤—ã—Ö —Ä–∞–±–æ—Ç —Å–æ–≤—Ä–µ–º–µ–Ω–Ω–æ–≥–æ –∏—Å–∫—É—Å—Å—Ç–≤–∞ –∂–¥—É—Ç –≤—Å—Ç—Ä–µ—á–∏ —Å–æ –∑—Ä–∏—Ç–µ–ª–µ–ºüåæ

–í—ã—Å—Ç–∞–≤–∫–∞ –ø—Ä–æ–¥–ª–∏—Ç—Å—è –¥–æ 27 –Ω–æ—è–±—Ä—è. 

–¢–∞–∫–∂–µ —É–∂–µ —Å–µ–π—á–∞—Å –º—ã –ø—Ä–∏–Ω–∏–º–∞–µ–º –∑–∞—è–≤–∫–∏ –Ω–∞ —É—á–∞—Å—Ç–∏–µ –≤ –Ω–æ–≤–æ–π —Å–µ–∑–æ–Ω–Ω–æ–π –≤—ã—Å—Ç–∞–≤–∫–µ ¬´–ó–∏–º–Ω—è—è —Å–∫–∞–∑–∫–∞¬ª ‚Äì –æ –∫—Ä–∞—Å–æ—Ç–µ –∏ —Ç–∞–∏–Ω—Å—Ç–≤–µ –∑–∏–º–Ω–µ–≥–æ –≤—Ä–µ–º–µ–Ω–∏ –≥–æ–¥–∞. –ü–µ—Ä–µ—Ö–æ–¥–∏—Ç–µ –ø–æ —Å—Å—ã–ª–∫–µ –∏ –∑–∞–ø–æ–ª–Ω—è–π—Ç–µ –∞–Ω–∫–µ—Ç—É.

‚è≥–í—Ç-–°–±: 11:00-20:00
üéü–í—Ö–æ–¥ —Å–≤–æ–±–æ–¥–Ω—ã–π

–¶–µ–Ω—Ç—Ä —Å–æ–≤—Ä–µ–º–µ–Ω–Ω–æ–π –∫—É–ª—å—Ç—É—Ä—ã ¬´–°—Ç–µ–ø—å¬ª
—É–ª. –ë–µ—Ä–µ–≥–æ–≤–∞—è, 12",0,1.0,vk,2,11,6,344,469,1,2022,11,2,7
45,2022-11-01 13:27:43,"–ü—Ä–∏—è—Ç–Ω—ã–π –ø–æ–¥–∞—Ä–æ–∫ –ø—Ä–µ–ø–æ–¥–Ω–µ—Å–ª–∏ –ø—Ä–æ—à–µ–¥—à–∏–µ –≤—ã—Ö–æ–¥–Ω—ã–µüåæ 

–° –Ω–µ–æ—Ñ–∏—Ü–∏–∞–ª—å–Ω—ã–º –≤–∏–∑–∏—Ç–æ–º –Ω–∞—à—É –≥–∞–ª–µ—Ä–µ—é –≤ –∫—É–ª—å—Ç—É—Ä–Ω–æ-–≤—ã—Å—Ç–∞–≤–æ—á–Ω–æ–º —Ü–µ–Ω—Ç—Ä–µ ¬´–°—Ç–µ–ø—å¬ª –ø–æ—Å–µ—Ç–∏–ª —Å–∏—Ç–∏-–º–µ–Ω–µ–¥–∂–µ—Ä –†–æ—Å—Ç–æ–≤–∞ –ê–ª–µ–∫—Å–µ–π –õ–æ–≥–≤–∏–Ω–µ–Ω–∫–æ. 

–ì–ª–∞–≤–∞ –ø—Ä–∏–Ω—è–ª —É—á–∞—Å—Ç–∏–µ –≤ –∏–Ω—Ç–µ—Ä–∞–∫—Ç–∏–≤–Ω–æ–π —ç–∫—Å–∫—É—Ä—Å–∏–∏, –ø–æ–æ–±—â–∞–ª—Å—è —Å –∫–æ–ª–ª–µ–∫—Ç–∏–≤–æ–º –∏ –æ—Ç–º–µ—Ç–∏–ª –≤—Å–µ —Ç–µ—Ö–Ω–∏—á–µ—Å–∫–∏–µ –Ω–æ–≤–∏–Ω–∫–∏ –Ω–∞—à–µ–≥–æ —Ü–µ–Ω—Ç—Ä–∞.

–¶–µ–Ω—Ç—Ä –ø—Ä–µ–¥–æ—Å—Ç–∞–≤–ª—è–µ—Ç –≤–æ–∑–º–æ–∂–Ω–æ—Å—Ç—å –æ—Ä–≥–∞–Ω–∏–∑–∞—Ü–∏–∏ –≤—ã—Å—Ç–∞–≤–æ–∫ –∫–∞–∫ –Ω–∞—á–∏–Ω–∞—é—â–∏–º —Ö—É–¥–æ–∂–Ω–∏–∫–∞–º, —Ç–∞–∫ –∏ –∑–Ω–∞–º–µ–Ω–∏—Ç—ã–º –º–∞—Å—Ç–µ—Ä–∞–º –∫–∏—Å—Ç–∏. –£ –Ω–∞—Å –ø—Ä–µ–¥—Å—Ç–∞–≤–ª–µ–Ω—ã –Ω–æ–≤—ã–µ —ç–∫—Å–ø–æ–∑–∏—Ü–∏–∏ —Ä–æ—Å—Ç–æ–≤—Å–∫–∏—Ö —Ö—É–¥–æ–∂–Ω–∏–∫–æ–≤, –ø—Ä–æ–¥–µ–º–æ–Ω—Å—Ç—Ä–∏—Ä–æ–≤–∞–Ω—ã —Å–æ–≤—Ä–µ–º–µ–Ω–Ω—ã–µ –º–µ—Ç–æ–¥—ã —Ö—É–¥–æ–∂–µ—Å—Ç–≤–µ–Ω–Ω—ã—Ö –∏–Ω—Å—Ç–∞–ª–ª—è—Ü–∏–π. 

–ê–ª–µ–∫—Å–µ–π –õ–æ–≥–≤–∏–Ω–µ–Ω–∫–æ –ø–æ –¥–æ—Å—Ç–æ–∏–Ω—Å—Ç–≤—É –æ—Ü–µ–Ω–∏–ª —É–¥–æ–±—Å—Ç–≤–æ QR-–∫–æ–¥–æ–≤, –±–ª–∞–≥–æ–¥–∞—Ä—è –∫–æ—Ç–æ—Ä—ã–º –∑—Ä–∏—Ç–µ–ª–∏ –º–æ–≥—É—Ç –ª–µ–≥–∫–æ –∏ –±—ã—Å—Ç—Ä–æ –ø–æ–ª—É—á–∏—Ç—å —è—Ä–∫—É—é –∏ –¥–æ—Å—Ç—É–ø–Ω—É—é –∏–Ω—Ñ–æ—Ä–º–∞—Ü–∏—é –æ–± –∞–≤—Ç–æ—Ä–µ –∫–∞—Ä—Ç–∏–Ω—ã, –µ–≥–æ —Ç–≤–æ—Ä—á–µ—Å—Ç–≤–µ, –∞ —Ç–∞–∫–∂–µ —Å—Ç–æ–∏–º–æ—Å—Ç–∏ –ø—Ä–æ–∏–∑–≤–µ–¥–µ–Ω–∏—è –∏—Å–∫—É—Å—Å—Ç–≤–∞. 

–° —É–¥–æ–≤–æ–ª—å—Å—Ç–≤–∏–µ–º –ø–æ–æ–±—â–∞–ª–∏—Å—å —Å –Ω–∞—à–∏–º –≥–æ—Å—Ç–µ–º, –ø–æ–¥–µ–ª–∏–ª–∏—Å—å –∞–º–±–∏—Ü–∏–æ–∑–Ω—ã–º–∏ –ø–ª–∞–Ω–∞–º–∏ –ø–æ –ø—Ä–∏–≤–ª–µ—á–µ–Ω–∏—é –Ω–æ–≤—ã—Ö —Ç–∞–ª–∞–Ω—Ç–æ–≤, —Ä–∞–∑–≤–∏—Ç–∏—è –∏ –ø–æ–¥–¥–µ—Ä–∂–∫–∏ –≤–∞–∂–Ω—ã—Ö –æ–±—â–µ—Å—Ç–≤–µ–Ω–Ω—ã—Ö –∏–Ω–∏—Ü–∏–∞—Ç–∏–≤. 

¬´–°—Ç–µ–ø—å¬ª –æ—Ç–∫—Ä—ã—Ç–∞ –¥–ª—è –≤—Å–µ—Ö —Ä–æ—Å—Ç–æ–≤—á–∞–Ω. –ü–æ—Å–µ—â–µ–Ω–∏–µ —ç–∫—Å–ø–æ–∑–∏—Ü–∏–π –ø—Ä–æ—Ö–æ–¥–∏—Ç –≤ —Å–≤–æ–±–æ–¥–Ω–æ–º —Ä–µ–∂–∏–º–µ, –¥–æ—Å—Ç—É–ø–Ω–æ –¥–ª—è –≥–æ—Ä–æ–∂–∞–Ω –∏ –≥–æ—Å—Ç–µ–π –¥–æ–Ω—Å–∫–æ–π —Å—Ç–æ–ª–∏—Ü—ã, –∫–æ—Ç–æ—Ä—ã–µ, –≥—É–ª—è—è –ø–æ –ù–∞–±–µ—Ä–µ–∂–Ω–æ–π –∏–ª–∏ –æ–±–µ–¥–∞—è –≤ —Ä–µ—Å—Ç–æ—Ä–∞–Ω–µ, –∏–º–µ—é—Ç –≤–æ–∑–º–æ–∂–Ω–æ—Å—Ç—å –ø—Ä–∏–æ–±—â–∏—Ç—å—Å—è –∫ –∏—Å–∫—É—Å—Å—Ç–≤—É.

–ë–ª–∞–≥–æ–¥–∞—Ä–∏–º –ê–ª–µ–∫—Å–µ—è –í–∞–ª–µ–Ω—Ç–∏–Ω–æ–≤–∏—á–∞ –∑–∞ –≤–∏–∑–∏—Ç –∏ –ø–æ–¥–¥–µ—Ä–∂–∫—É –Ω–∞—à–µ–≥–æ –ø—Ä–æ–µ–∫—Ç–∞. –£–≤–µ—Ä–µ–Ω—ã, —á—Ç–æ –Ω–æ–≤–æ–µ –ø–µ—Ä—Å–ø–µ–∫—Ç–∏–≤–Ω–æ–µ –≤—ã—Å—Ç–∞–≤–æ—á–Ω–æ–µ –ø—Ä–æ—Å—Ç—Ä–∞–Ω—Å—Ç–≤–æ, –±–µ–∑—É—Å–ª–æ–≤–Ω–æ, –≤–Ω–µ—Å–µ—Ç –∑–∞–º–µ—Ç–Ω—ã–π –≤–∫–ª–∞–¥ –≤ –∫—É–ª—å—Ç—É—Ä–Ω—É—é –∂–∏–∑–Ω—å –≥–æ—Ä–æ–¥–∞.",0,3.0,vk,1,12,1,487,1344,1,2022,11,1,13
46,2022-11-01 13:20:17,"| –¢–≤–æ—Ä—á–µ—Å–∫–∞—è –≤—Å—Ç—Ä–µ—á–∞ —Å –í–ª–∞–¥–∏—Å–ª–∞–≤–æ–º –í–µ—Ä–∏–Ω—ã–º –≤ –¶–°–ö ¬´–°—Ç–µ–ø—å¬ª | 4.11 
 
–í —Ä–∞–º–∫–∞—Ö –ø—Ä–æ–≥—Ä–∞–º–º—ã ¬´–î–∏–∞–ª–æ–≥–∏ —Å —Ö—É–¥–æ–∂–Ω–∏–∫–æ–º¬ª –≤ –Ω–∞—à–µ–º —Ü–µ–Ω—Ç—Ä–µ –ø—Ä–æ–π–¥—ë—Ç –≤—Å—Ç—Ä–µ—á–∞ —Å —Å–æ–≤—Ä–µ–º–µ–Ω–Ω—ã–º –¥–æ–Ω—Å–∫–∏–º —Ö—É–¥–æ–∂–Ω–∏–∫–æ–º-–≥—Ä–∞—Ñ–∏–∫–æ–º –í–ª–∞–¥–∏—Å–ª–∞–≤–æ–º –í–µ—Ä–∏–Ω—ã–º üåæ 
 
–ü—Ä–∏–≥–ª–∞—à–∞–µ–º –≤–∞—Å –ª–∏—á–Ω–æ –ø–æ–∑–Ω–∞–∫–æ–º–∏—Ç—å—Å—è —Å —Ö—É–¥–æ–∂–Ω–∏–∫–æ–º –∏ –µ–≥–æ —Ç–≤–æ—Ä—á–µ—Å—Ç–≤–æ–º. –í–ª–∞–¥–∏—Å–ª–∞–≤ —Ä–∞—Å—Å–∫–∞–∂–µ—Ç –æ —Å–µ–±–µ, –ø–æ–¥–µ–ª–∏—Ç—Å—è –≤–¥–æ—Ö–Ω–æ–≤–ª—è—é—â–∏–º–∏ –∏—Å—Ç–æ—Ä–∏—è–º–∏ ‚Äì —Å—é–∂–µ—Ç–∞–º–∏ –µ–≥–æ –∫–∞—Ä—Ç–∏–Ω, –∞ —Ç–∞–∫–∂–µ —Ä–∞—Å—Å–∫–∞–∂–µ—Ç –æ–± —É–Ω–∏–∫–∞–ª—å–Ω–æ–π —Ö—É–¥–æ–∂–µ—Å—Ç–≤–µ–Ω–Ω–æ–π —Ç–µ—Ö–Ω–∏–∫–µ, –≤ –∫–æ—Ç–æ—Ä–æ–π –≤—ã–ø–æ–ª–Ω–µ–Ω—ã –µ–≥–æ —Ä–∞–±–æ—Ç—ã. 
 
‚è≥4 –Ω–æ—è–±—Ä—è, 18:00 
üéü–í—Ö–æ–¥ —Å–≤–æ–±–æ–¥–Ω—ã–π –ø–æ –ø—Ä–µ–¥–≤–∞—Ä–∏—Ç–µ–ª—å–Ω–æ–π —Ä–µ–≥–∏—Å—Ç—Ä–∞—Ü–∏–∏: https://tsentr-sovremennoy--2022.timepad.ru/event/2221675/
 
–¶–µ–Ω—Ç—Ä —Å–æ–≤—Ä–µ–º–µ–Ω–Ω–æ–π –∫—É–ª—å—Ç—É—Ä—ã ¬´–°—Ç–µ–ø—å¬ª 
 
#–ª–µ–∫—Ü–∏—è #—Ö—É–¥–æ–∂–Ω–∏–∫ #–≤—ã—Å—Ç–∞–≤–∫–∞ #–¥–∏–∞–ª–æ–≥–∏—Å—Ö—É–¥–æ–∂–Ω–∏–∫–æ–º",0,3.0,vk,0,6,4,384,663,1,2022,11,1,13
47,2022-10-28 18:35:26,"–°–µ–≥–æ–¥–Ω—è, 28 –æ–∫—Ç—è–±—Ä—è, –º—ã –æ—Ç–∫—Ä—ã–ª–∏ –±–æ–ª—å—à—É—é –≤—ã—Å—Ç–∞–≤–∫—É ¬´–æ —Ö—É–¥–æ–∂–Ω–∏–∫–µ¬ª. 
 
–ë–æ–ª–µ–µ 50 —Ä–∞–±–æ—Ç –≤ —Ä–∞–∑–Ω–æ–º —Å—Ç–∏–ª–µ, 16 –º–µ—Å—Ç–Ω—ã—Ö –º–∞—Å—Ç–µ—Ä–æ–≤ —Å–æ–≤—Ä–µ–º–µ–Ω–Ω–æ–≥–æ –∏—Å–∫—É—Å—Å—Ç–≤–∞, —Å–æ—Ç–Ω–∏ –ø—Ä–µ–∫—Ä–∞—Å–Ω—ã—Ö –æ—Ç–∑—ã–≤–æ–≤ –ø–µ—Ä–≤—ã—Ö –≥–æ—Å—Ç–µ–π –∏ –≤–¥–æ—Ö–Ω–æ–≤–µ–Ω–∏–µ, –∫–æ—Ç–æ—Ä–æ–µ –Ω–µ–≤–æ–∑–º–æ–∂–Ω–æ —Å–æ—Å—á–∏—Ç–∞—Ç—å. 
 
–ü—Ä–∏–≥–ª–∞—à–∞–µ–º –∏ –≤–∞—Å —É–≤–∏–¥–µ—Ç—å –º–∏—Ä –≥–ª–∞–∑–∞–º–∏ —Ö—É–¥–æ–∂–Ω–∏–∫–æ–≤üåæ 
 
üéü–í—Ö–æ–¥ —Å–≤–æ–±–æ–¥–Ω—ã–π 
 
–¶–µ–Ω—Ç—Ä —Å–æ–≤—Ä–µ–º–µ–Ω–Ω–æ–π –∫—É–ª—å—Ç—É—Ä—ã ¬´–°—Ç–µ–ø—å¬ª 
—É–ª. –ë–µ—Ä–µ–≥–æ–≤–∞—è, 12 
 
#—Ü—Å–∫_—Å—Ç–µ–ø—å #–æ—Ç–∫—Ä—ã—Ç–∏–µ–≤—ã—Å—Ç–∞–≤–∫–∏ #–¥–æ–Ω—Å–∫–∏–µ—Ö—É–¥–æ–∂–Ω–∏–∫–∏ #–∂–∏–≤–æ–ø–∏—Å—å",0,1.0,vk,5,14,6,473,413,1,2022,10,4,18
48,2022-10-28 18:34:08,"¬´–•—É–¥–æ–∂–Ω–∏–∫–∞ –æ—Ç–ª–∏—á–∞–µ—Ç —Ç–æ, —á—Ç–æ –≤ –µ–≥–æ –∂–∏–∑–Ω–∏ –±—ã–≤–∞—é—Ç –º–∏–Ω—É—Ç—ã, –∫–æ–≥–¥–∞ –æ–Ω –æ—â—É—â–∞–µ—Ç —Å–µ–±—è –±–æ–ª—å—à–µ, —á–µ–º —á–µ–ª–æ–≤–µ–∫–æ–º¬ª ‚Äì –õ–µ –ö–æ—Ä–±—é–∑—å–µ, –∞—Ä—Ö–∏—Ç–µ–∫—Ç—É—Ä, —Ö—É–¥–æ–∂–Ω–∏–∫. 
 
–£–∂–µ —Å —ç—Ç–æ–π –Ω–µ–¥–µ–ª–∏ –≤ —Ü–µ–Ω—Ç—Ä–µ —Å–æ–≤—Ä–µ–º–µ–Ω–Ω–æ–π –∫—É–ª—å—Ç—É—Ä—ã ¬´–°—Ç–µ–ø—å¬ª ‚Äì —Ä–∞–±–æ—Ç—ã —Ç–∞–ª–∞–Ω—Ç–ª–∏–≤—ã—Ö —Ö—É–¥–æ–∂–Ω–∏–∫–æ–≤, —Å–∫—É–ª—å–ø—Ç–æ—Ä–æ–≤, –º–∞—Å—Ç–µ—Ä–æ–≤ –ø—Ä–∏–∫–ª–∞–¥–Ω–æ–≥–æ –∏—Å–∫—É—Å—Å—Ç–≤–∞ —Ä–æ–¥–æ–º –∏–∑ –†–æ—Å—Ç–æ–≤–∞-–Ω–∞-–î–æ–Ω—É. 
 
–ó–Ω–∞–∫–æ–º—å—Ç–µ—Å—å —Å –∞–≤—Ç–æ—Ä–∞–º–∏ –∏ –ø—Ä–∏—Ö–æ–¥–∏—Ç–µ –Ω–∞ –≤—ã—Å—Ç–∞–≤–∫—É, –ø–æ—Å–≤—è—â–µ–Ω–Ω—É—é –ú–µ–∂–¥—É–Ω–∞—Ä–æ–¥–Ω–æ–º—É –¥–Ω—é —Ö—É–¥–æ–∂–Ω–∏–∫–∞üé® 
 
‚è≥–û—Ç–∫—Ä—ã—Ç–∏–µ –≤—ã—Å—Ç–∞–≤–∫–∏: 28 –æ–∫—Ç—è–±—Ä—è, 18:00 
üéü–í—Ö–æ–¥ —Å–≤–æ–±–æ–¥–Ω—ã–π 
 
–¶–µ–Ω—Ç—Ä —Å–æ–≤—Ä–µ–º–µ–Ω–Ω–æ–π –∫—É–ª—å—Ç—É—Ä—ã ¬´–°—Ç–µ–ø—å¬ª 
—É–ª. –ë–µ—Ä–µ–≥–æ–≤–∞—è, 12 
 
#—Ü—Å–∫_—Å—Ç–µ–ø—å #–∏—Å–∫—É—Å—Å—Ç–≤–æ #—Ö—É–¥–æ–∂–Ω–∏–∫ #–∂–∏–≤–æ–ø–∏—Å—å #–≤—ã—Å—Ç–∞–≤–∫–∞",0,3.0,vk,0,8,3,358,561,1,2022,10,4,18
49,2022-10-25 11:23:43,"25 –æ–∫—Ç—è–±—Ä—è ‚Äì –ú–µ–∂–¥—É–Ω–∞—Ä–æ–¥–Ω—ã–π –¥–µ–Ω—å —Ö—É–¥–æ–∂–Ω–∏–∫–∞! –ü—Ä–∞–∑–¥–Ω–∏–∫ –≤—Å–µ—Ö, –∫—Ç–æ –∂–∏–≤–µ—Ç –∏—Å–∫—É—Å—Å—Ç–≤–æ–º –∏ –≤–æ–ø–ª–æ—â–∞–µ—Ç –∫—Ä–∞—Å–æ—Ç—É –º–∏—Ä–∞ –Ω–∞ —Ö–æ–ª—Å—Ç–µüåæ 
 
–≠—Ç–æ—Ç –¥–µ–Ω—å ‚Äì –ø—Ä–µ–∫—Ä–∞—Å–Ω—ã–π –ø–æ–≤–æ–¥ –µ—â–µ –≥–ª—É–±–∂–µ –ø–æ–∑–Ω–∞–∫–æ–º–∏—Ç—å—Å—è —Å —Ç–≤–æ—Ä—á–µ—Å—Ç–≤–æ–º –∏ –∏—Å—Ç–æ—Ä–∏–µ–π –∂–∏–∑–Ω–∏ –∫–ª–∞—Å—Å–∏—á–µ—Å–∫–∏—Ö –∏ —Å–æ–≤—Ä–µ–º–µ–Ω–Ω—ã—Ö –∞–≤—Ç–æ—Ä–æ–≤. –ó–Ω–∞–ª–∏ –ª–∏ –≤—ã –æ–± —ç—Ç–∏—Ö —É–≤–ª–µ–∫–∞—Ç–µ–ª—å–Ω—ã—Ö —Ñ–∞–∫—Ç–∞—Ö? 
‚ñ™1.5 –º–µ—Å—è—Ü–∞ –∫–∞—Ä—Ç–∏–Ω–∞ ¬´–õ–æ–¥–∫–∞¬ª –ê. –ú–∞—Ç–∏—Å—Å–∞ –Ω–∞ –≤—ã—Å—Ç–∞–≤–∫–µ –≤–∏—Å–µ–ª–∞ –≤–≤–µ—Ä—Ö —Ç–æ—Ä–º–∞—à–∫–∞–º–∏ 
‚ñ™–õ–µ–æ–Ω–∞—Ä–¥–æ –¥–∞ –í–∏–Ω—á–∏ ‚Äì –≤–µ–≥–µ—Ç–∞—Ä–∏–∞–Ω–µ—Ü 
‚ñ™¬´–ö—Ä–∏–∫¬ª –≠. –ú—É–Ω–∫–∞ ‚Äì –∫–∞—Ä—Ç–∏–Ω–∞, –∫–æ—Ç–æ—Ä—É—é –ø—Ä–æ–¥–∞–ª–∏ –Ω–∞ –∞—É–∫—Ü–∏–æ–Ω–µ –ø–æ —Ä–µ–∫–æ—Ä–¥–Ω–æ –≤—ã—Å–æ–∫–æ–π —Ü–µ–Ω–µ, –∑–∞ 120 –º–∏–ª–ª–∏–æ–Ω–æ–≤ –¥–æ–ª–ª–∞—Ä–æ–≤ 
‚ñ™–°–∞–ª—å–≤–∞–¥–æ—Ä –î–∞–ª–∏ ‚Äì –¥–∏–∑–∞–π–Ω–µ—Ä –æ–±–µ—Ä—Ç–∫–∏ ¬´–ß—É–ø–∞-—á—É–ø—Å¬ª 
‚ñ™–ü–µ—Ä–≤—ã–º —Å–ª–æ–≤–æ–º, –ø—Ä–æ–∏–∑–Ω–µ—Å—ë–Ω–Ω—ã–º —é–Ω—ã–º –ü–∏–∫–∞—Å—Å–æ, –±—ã–ª–æ –Ω–µ ¬´–º–∞–º–∞¬ª –∏–ª–∏ ¬´–ø–∞–ø–∞¬ª, –∞ ¬´–∫–∞—Ä–∞–Ω–¥–∞—à¬ª 
 
–ê –ø–æ–∫–∞ –≤—ã –ø–µ—Ä–µ—á–∏—Ç—ã–≤–∞–µ—Ç–µ –∫–Ω–∏–≥–∏ –ø–æ –∏—Å—Ç–æ—Ä–∏–∏ –∏–∑–æ–±—Ä–∞–∑–∏—Ç–µ–ª—å–Ω–æ–≥–æ –∏—Å–∫—É—Å—Å—Ç–≤–∞, –ø—Ä–∏–≥–ª–∞—à–∞–µ–º –≤–∞—Å 28 –æ–∫—Ç—è–±—Ä—è –Ω–∞ –æ—Ç–∫—Ä—ã—Ç–∏–µ –Ω–∞—à–µ–π –Ω–æ–≤–æ–π –≤—ã—Å—Ç–∞–≤–∫–∏, –ø–æ—Å–≤—è—â–µ–Ω–Ω–æ–π –ú–µ–∂–¥—É–Ω–∞—Ä–æ–¥–Ω–æ–º—É –¥–Ω—é —Ö—É–¥–æ–∂–Ω–∏–∫–∞! 
 
‚è≥28 –æ–∫—Ç—è–±—Ä—è, 18:00 
üéü–í—Ö–æ–¥ —Å–≤–æ–±–æ–¥–Ω—ã–π 
 
–¶–µ–Ω—Ç—Ä —Å–æ–≤—Ä–µ–º–µ–Ω–Ω–æ–≥–æ –∏—Å–∫—É—Å—Å—Ç–≤–∞ ¬´–°—Ç–µ–ø—å¬ª 
—É–ª. –ë–µ—Ä–µ–≥–æ–≤–∞—è, 12

#–¶–°–ö_–°—Ç–µ–ø—å #–∂–∏–≤–æ–ø–∏—Å—å #–≤—ã—Å—Ç–∞–≤–∫–∞ #–¥–µ–Ω—å—Ö—É–¥–æ–∂–Ω–∏–∫–∞",0,1.0,vk,0,5,1,370,952,1,2022,10,1,11
50,2022-10-24 12:00:02,"–¶–µ–Ω—Ç—Ä —Å–æ–≤—Ä–µ–º–µ–Ω–Ω–æ–≥–æ –∏—Å–∫—É—Å—Å—Ç–≤–∞ ¬´–°—Ç–µ–ø—å¬ª –≤ –ª–∏—Ü–∞—Ö: –ê–Ω–¥—Ä–µ–π –ö–æ–≤—è–∑–∏–Ω. 
 
–ó–Ω–∞–∫–æ–º—å—Ç–µ—Å—å —Å –æ–¥–Ω–∏–º –∏–∑ —É—á–∞—Å—Ç–Ω–∏–∫–æ–≤ –≤—ã—Å—Ç–∞–≤–∫–∏, –ø–æ—Å–≤—è—â–µ–Ω–Ω–æ–π –ú–µ–∂–¥—É–Ω–∞—Ä–æ–¥–Ω–æ–º—É –¥–Ω—é —Ö—É–¥–æ–∂–Ω–∏–∫–∞ ‚Äì –ê–Ω–¥—Ä–µ–µ–º –ö–æ–≤—è–∑–∏–Ω—ã–º. 
 
–í–æ—Ç —É–∂–µ –Ω–µ—Å–∫–æ–ª—å–∫–æ –ª–µ—Ç –ê–Ω–¥—Ä–µ–π –ö–æ–≤—è–∑–∏–Ω –ø–∏—à–µ—Ç –∫–∞—Ä—Ç–∏–Ω—ã –≤ —Å—Ç–∏–ª–µ –∏–º–ø—Ä–µ—Å—Å–∏–æ–Ω–∏–∑–º, –≤–¥–æ—Ö–Ω–æ–≤–ª—è—è—Å—å –∫—Ä–∞—Å–æ—Ç–æ–π –º–∏–º–æ–ª–µ—Ç–Ω—ã—Ö –º–≥–Ω–æ–≤–µ–Ω–∏–π –∂–∏–∑–Ω–∏. 
 
–í –ø—Ä–æ–≥—Ä–∞–º–º–µ –≤—ã—Å—Ç–∞–≤–∫–∏ ‚Äì ¬´–¶–≤–µ—Ç–æ—á–Ω–∞—è –ø–æ–ª—è–Ω–∞¬ª –∏ –¥–µ—Ä–µ–≤–µ–Ω—Å–∫–∏–π –ø–µ–π–∑–∞–∂ ¬´–í–µ—Ç—Ä–µ–Ω–æ¬ª, –æ–∂–∏–≤—à–∏–µ –Ω–∞ —Ö–æ–ª—Å—Ç–µ –≤–æ –≤—Å–µ–π —Å–≤–æ–µ–π –ø–æ–ª–Ω–æ—Ç–µ –∏ –ø—Ä–∏–≥–ª–∞—à–∞—é—â–∏–µ –º—ã—Å–ª–µ–Ω–Ω–æ –≤–æ–∑–≤—Ä–∞—Ç–∏—Ç—å—Å—è –≤ –¥–µ—Ç—Å—Ç–≤–æ. 
 
‚è≥ 28 –æ–∫—Ç—è–±—Ä—è, 18:00 
üéü–í—Ö–æ–¥ —Å–≤–æ–±–æ–¥–Ω—ã–π 
 
–¶–µ–Ω—Ç—Ä —Å–æ–≤—Ä–µ–º–µ–Ω–Ω–æ–≥–æ –∏—Å–∫—É—Å—Å—Ç–≤–∞ ¬´–°—Ç–µ–ø—å¬ª 
—É–ª. –ë–µ—Ä–µ–≥–æ–≤–∞—è, 12 
 
#–¶–°–ö_–°—Ç–µ–ø—å #–∂–∏–≤–æ–ø–∏—Å—å #–≤—ã—Å—Ç–∞–≤–∫–∞ #–∏–º–ø—Ä–µ—Å—Å–∏–æ–Ω–∏–∑–º",0,1.0,vk,0,16,4,399,610,1,2022,10,0,12
51,2022-10-24 07:00:03,"–¶–µ–Ω—Ç—Ä —Å–æ–≤—Ä–µ–º–µ–Ω–Ω–æ–π –∫—É–ª—å—Ç—É—Ä—ã ¬´–°—Ç–µ–ø—å¬ª ‚Äì —É–Ω–∏–∫–∞–ª—å–Ω–∞—è —Å—Ä–µ–¥–∞ –¥–ª—è –æ–±–º–µ–Ω–∞ –æ–ø—ã—Ç–æ–º –∏ –≤–æ–ø–ª–æ—â–µ–Ω–∏—è —Å–∞–º—ã—Ö —Å–º–µ–ª—ã—Ö –∏–¥–µ–π. 
 
–û—Å–æ–±–µ–Ω–Ω–æ—Å—Ç—å –ø—Ä–æ–µ–∫—Ç–∞ ‚Äì —É–Ω–∏–≤–µ—Ä—Å–∞–ª—å–Ω–æ—Å—Ç—å –∏ —Ç—Ä–∞–Ω—Å—Ñ–æ—Ä–º–∏—Ä—É–µ–º–æ—Å—Ç—å –≤—Å–µ–≥–æ –ø—Ä–æ—Å—Ç—Ä–∞–Ω—Å—Ç–≤–∞. –ó–¥–µ—Å—å —Ö—É–¥–æ–∂–Ω–∏–∫–∏, —Å–∫—É–ª—å–ø—Ç–æ—Ä—ã, –º—É–∑—ã–∫–∞–Ω—Ç—ã, –ø–∏—Å–∞—Ç–µ–ª–∏, –∞–∫—Ç–µ—Ä—ã, –¥–µ—Ç—Å–∫–∏–µ –∏ –º–æ–ª–æ–¥–µ–∂–Ω—ã–µ –∫–æ–ª–ª–µ–∫—Ç–∏–≤—ã –Ω–∞–π–¥—É—Ç —Å–≤–æ–µ–≥–æ –∑—Ä–∏—Ç–µ–ª—è –∏ —á–∏—Ç–∞—Ç–µ–ª—è. 
 
–ü–ª–æ—â–∞–¥—å —Ü–µ–Ω—Ç—Ä–∞ —Å–æ—Å—Ç–∞–≤–ª—è–µ—Ç –±–æ–ª–µ–µ 300 –º¬≤, –≤–º–µ—â–∞–µ—Ç 50-60 —á–µ–ª–æ–≤–µ–∫ –∏ –ø–æ–¥—Ö–æ–¥–∏—Ç –¥–ª—è –ø—Ä–æ–≤–µ–¥–µ–Ω–∏—è: 
‚ñ´–≤—ã—Å—Ç–∞–≤–æ–∫ –∏ —ç–∫—Å–ø–æ–∑–∏—Ü–∏–π 
‚ñ´–ª–µ–∫—Ü–∏–π 
‚ñ´–º–∞—Å—Ç–µ—Ä-–∫–ª–∞—Å—Å–æ–≤ 
‚ñ´–ø—Ä–µ–∑–µ–Ω—Ç–∞—Ü–∏–π –∫–Ω–∏–≥/—Ñ–∏–ª—å–º–æ–≤ 
‚ñ´–∫–∞–º–µ—Ä–Ω—ã—Ö –∫–æ–Ω—Ü–µ—Ä—Ç–æ–≤ 
‚ñ´—Å–ø–µ–∫—Ç–∞–∫–ª–µ–π 
 
–ï—Å–ª–∏ –≤—ã –∑–∞–Ω–∏–º–∞–µ—Ç–µ—Å—å –∏—Å–∫—É—Å—Å—Ç–≤–æ–º –∏ —Ö–æ—Ç–∏—Ç–µ –¥–µ–ª–∏—Ç—å—Å—è –∏–º —Å –¥—Ä—É–≥–∏–º–∏, –æ—Å—Ç–∞–≤–ª—è–π—Ç–µ –∑–∞—è–≤–∫–∏ –Ω–∞ –ø—Ä–æ–≤–µ–¥–µ–Ω–∏–µ –º–µ—Ä–æ–ø—Ä–∏—è—Ç–∏–π –ø–æ –Ω–æ–º–µ—Ä—É +7 (905) 430-90-00. 
 
—É–ª. –ë–µ—Ä–µ–≥–æ–≤–∞—è, 12 
–¶–µ–Ω—Ç—Ä —Å–æ–≤—Ä–µ–º–µ–Ω–Ω–æ–π –∫—É–ª—å—Ç—É—Ä—ã ¬´–°—Ç–µ–ø—å¬ª 
 
#–¶–°–ö_–°—Ç–µ–ø—å #–∫—É–ª—å—Ç—É—Ä–∞ #–∏—Å–∫—É—Å—Å—Ç–≤–æ #–≤—ã—Å—Ç–∞–≤–∫–∏—Ä–æ—Å—Ç–æ–≤ #–ª–µ–∫—Ü–∏–∏—Ä–æ—Å—Ç–æ–≤",0,4.0,vk,0,10,5,321,774,1,2022,10,0,7
52,2022-10-21 06:05:43,"| –û—Ç–∫—Ä—ã—Ç–∏–µ –≤—ã—Å—Ç–∞–≤–∫–∏, –ø–æ—Å–≤—è—â–µ–Ω–Ω–æ–π –ú–µ–∂–¥—É–Ω–∞—Ä–æ–¥–Ω–æ–º—É –¥–Ω—é —Ö—É–¥–æ–∂–Ω–∏–∫–∞| 28.10

–í –ø—è—Ç–Ω–∏—Ü—É 28 –æ–∫—Ç—è–±—Ä—è –Ω–∞—á–∏–Ω–∞–µ–º –Ω–æ–≤—É—é –±–æ–ª—å—à—É—é –∏—Å—Ç–æ—Ä–∏—é ‚Äì –æ—Ç–∫—Ä—ã–≤–∞–µ–º —ç–∫—Å–ø–æ–∑–∏—Ü–∏—é, –ø–æ—Å–≤—è—â–µ–Ω–Ω—É—é —Ç–≤–æ—Ä—á–µ—Å—Ç–≤—É –∞–≤—Ç–æ—Ä–æ–≤ –Ω–∞—à–µ–≥–æ —Ä–µ–≥–∏–æ–Ω–∞üåæ

–ú—ã –æ–±—ä–µ–¥–∏–Ω–∏–ª–∏ –∂–∞–Ω—Ä—ã –∏ —Å–æ–±—Ä–∞–ª–∏ —Ä–∞–±–æ—Ç—ã, —Å–≤–æ–±–æ–¥–Ω—ã–µ –æ—Ç —Ä–∞–º–æ–∫ –æ–¥–Ω–æ–≥–æ —Å—Ç–∏–ª—è, –≤ –æ–¥–Ω–æ–º –º–µ—Å—Ç–µ, –≤ –æ–¥–Ω–æ –≤—Ä–µ–º—è, —á—Ç–æ–±—ã –ø–æ–∑–Ω–∞–∫–æ–º–∏—Ç—å –≤–∞—Å —Å –º–µ—Å—Ç–Ω—ã–º–∏ —Ö—É–¥–æ–∂–Ω–∏–∫–∞–º–∏ –∏ –∏—Ö —Å–∞–º–æ–±—ã—Ç–Ω—ã–º –≤–∏–¥–µ–Ω–∏–µ–º –º–∏—Ä–∞.

–ó–Ω–∞–∫–æ–º—å—Ç–µ—Å—å —Å –Ω–µ–∫–æ—Ç–æ—Ä—ã–º–∏ –∞–≤—Ç–æ—Ä–∞–º–∏ —É–∂–µ —Å–µ–π—á–∞—Å ‚Äì –ª–∏—Å—Ç–∞–π—Ç–µ –∫–∞—Ä—É—Å–µ–ª—åüëâüèª

‚è≥28 –æ–∫—Ç—è–±—Ä—è
üéü–í—Ö–æ–¥ —Å–≤–æ–±–æ–¥–Ω—ã–π

–í —Å–≤—è–∑–∏ —Å —Ä–µ—ç–∫—Å–ø–æ–∑–∏—Ü–∏–µ–π –∑–∞–ª—ã —Ü–µ–Ω—Ç—Ä–∞ –≤—Ä–µ–º–µ–Ω–Ω–æ, —Å 22.10 –ø–æ 27.10, –∑–∞–∫—Ä—ã—Ç—ã –¥–ª—è –ø–æ—Å–µ—â–µ–Ω–∏—è. 

 –î–æ –≤—Å—Ç—Ä–µ—á–∏ –Ω–∞ –Ω–æ–≤–æ–π –≤—ã—Å—Ç–∞–≤–∫–µ!

–¶–µ–Ω—Ç—Ä —Å–æ–≤—Ä–µ–º–µ–Ω–Ω–æ–π –∫—É–ª—å—Ç—É—Ä—ã ¬´–°—Ç–µ–ø—å¬ª
—É–ª. –ë–µ—Ä–µ–≥–æ–≤–∞—è, 12

#–¶–°–ö_–°—Ç–µ–ø—å #–≤—ã—Å—Ç–∞–≤–∫–∞ #—Ö—É–¥–æ–∂–Ω–∏–∫–∏—Ä–æ—Å—Ç–æ–≤–∞ #–∂–∏–≤–æ–ø–∏—Å—å",0,4.0,vk,0,9,3,313,691,1,2022,10,4,6
53,2022-09-30 07:00:10,"17 —Å–µ–Ω—Ç—è–±—Ä—è, –≤ –î–µ–Ω—å –≥–æ—Ä–æ–¥–∞, –Ω–∞ –ù–∞–±–µ—Ä–µ–∂–Ω–æ–π —Å–æ—Å—Ç–æ—è–ª–æ—Å—å —Ç–æ—Ä–∂–µ—Å—Ç–≤–µ–Ω–Ω–æ–µ –æ—Ç–∫—Ä—ã—Ç–∏–µ –Ω–æ–≤–æ–≥–æ —Å–æ–≤—Ä–µ–º–µ–Ω–Ω–æ–≥–æ –ø—Ä–æ—Å—Ç—Ä–∞–Ω—Å—Ç–≤–∞ - –¶–µ–Ω—Ç—Ä —Å–æ–≤—Ä–µ–º–µ–Ω–Ω–æ–π –∫—É–ª—å—Ç—É—Ä—ã ¬´–°—Ç–µ–ø—å¬ª. 

–¶–µ–Ω—Ç—Ä –æ—Ç–∫—Ä—ã–ª—Å—è –≤ –º–Ω–æ–≥–æ—Ñ—É–Ω–∫—Ü–∏–æ–Ω–∞–ª—å–Ω–æ–º –≤—ã—Å—Ç–∞–≤–æ—á–Ω–æ–º –ø–∞–≤–∏–ª—å–æ–Ω–µ ¬´–î–æ–Ω¬ª. –ë–æ–ª—å—à—É—é —á–∞—Å—Ç—å –∑–¥–∞–Ω–∏—è –∑–∞–Ω–∏–º–∞—é—Ç –≤—ã—Å—Ç–∞–≤–æ—á–Ω—ã–µ –ø–ª–æ—â–∞–¥–∏ –∏ –∞–∫—Ç–æ–≤—ã–π –∑–∞–ª –¥–ª—è —Ç–µ–∞—Ç—Ä–∞–ª—å–Ω—ã—Ö –ø–æ—Å—Ç–∞–Ω–æ–≤–æ–∫, –∫–æ–Ω—Ü–µ—Ä—Ç–æ–≤, –ø–µ—Ä—Ñ–æ–º–∞–Ω—Å–æ–≤, –≤—ã—Å—Ç—É–ø–ª–µ–Ω–∏–π –º—É–∑—ã–∫–∞–Ω—Ç–æ–≤, —Ç–≤–æ—Ä—á–µ—Å–∫–∏—Ö –≤—Å—Ç—Ä–µ—á –∏ –¥—Ä—É–≥–∏—Ö –∫—É–ª—å—Ç—É—Ä–Ω—ã—Ö –º–µ—Ä–æ–ø—Ä–∏—è—Ç–∏–π.
–í —Ü–µ–ª–æ–º, —Ä–∞–±–æ—Ç–∞ –ø–ª–∞–Ω–∏—Ä—É–µ—Ç—Å—è –º–∞—Å—à—Ç–∞–±–Ω–∞—è ‚Äì –º–Ω–æ–≥–æ—Ñ—É–Ω–∫—Ü–∏–æ–Ω–∞–ª—å–Ω–æ–µ –ø—Ä–æ—Å—Ç—Ä–∞–Ω—Å—Ç–≤–æ —Ä–∞—Å—Å—á–∏—Ç–∞–Ω–æ –Ω–∞ –ø–æ—Å–µ—â–µ–Ω–∏–µ 500 000 —á–µ–ª–æ–≤–µ–∫ –≤ –≥–æ–¥.

–° –æ—Ç–∫—Ä—ã—Ç–∏–µ–º —Ü–µ–Ω—Ç—Ä–∞ —Ç–∞–∫–∂–µ –∑–∞–ø—É—Å–∫–∞–µ—Ç—Å—è —Ä–∞–±–æ—Ç–∞ –§–æ–Ω–¥–∞ –ø–æ–¥–¥–µ—Ä–∂–∫–∏ –∫—É–ª—å—Ç—É—Ä—ã, –∞ —ç—Ç–æ –∑–Ω–∞—á–∏—Ç, —á—Ç–æ –∏–Ω—Ç–µ—Ä–µ—Å–Ω—ã–µ –∏ —Ç–∞–ª–∞–Ω—Ç–ª–∏–≤—ã–µ –Ω–∞—á–∏–Ω–∞–Ω–∏—è —Ç–æ—á–Ω–æ –±—É–¥—É—Ç –ø–æ–¥–µ—Ä–∂–∞–Ω—ã –∏ —Ä–µ–∞–ª–∏–∑–æ–≤–∞–Ω—ã, —á—Ç–æ –ø–æ–º–æ–∂–µ—Ç –≤ —Å–æ–∑–¥–∞–Ω–∏–∏ –∏ —Ä–∞–∑–≤–∏—Ç–∏–∏ –∫–∞—á–µ—Å—Ç–≤–µ–Ω–Ω–æ–π –∫—É–ª—å—Ç—É—Ä–Ω–æ–π —Å—Ä–µ–¥—ã –≥–æ—Ä–æ–¥–∞.

–ù–∞ —Ç–æ—Ä–∂–µ—Å—Ç–≤–µ–Ω–Ω–æ–π —Ü–µ—Ä–µ–º–æ–Ω–∏–∏ –æ—Ç–∫—Ä—ã—Ç–∏—è —Å –ø—Ä–∏–≤–µ—Ç—Å—Ç–≤–µ–Ω–Ω—ã–º —Å–ª–æ–≤–æ–º –≤—ã—Å—Ç—É–ø–∏–ª–∏ –¥–µ—è—Ç–µ–ª–∏ –∫—É–ª—å—Ç—É—Ä—ã –∏ –≥–æ—Å—Ç–∏ –º–µ—Ä–æ–ø—Ä–∏—è—Ç–∏—è, –≤ —á–∏—Å–ª–µ –∫–æ—Ç–æ—Ä—ã—Ö: –ù–∞—Ä–æ–¥–Ω—ã–π —Ö—É–¥–æ–∂–Ω–∏–∫ –†–§ - –ù–∏–∫–∞—Å –°–∞—Ñ—Ä–æ–Ω–æ–≤, –∏–∑–≤–µ—Å—Ç–Ω—ã–π —É—á–µ–Ω—ã–π –∏ –ø–∏—Å–∞—Ç–µ–ª—å –î–∞–Ω–∏–∏–ª –ö–æ—Ä–µ—Ü–∫–∏–π, –ø–æ–ø—É–ª—è—Ä–Ω—ã–π –∞—Ä—Ç–∏—Å—Ç –∏ —Ä–µ–∂–∏—Å—Å–µ—Ä –ù–∏–∫–æ–ª–∞–π –î–µ–Ω–∏—Å–æ–≤.

–¶–µ–Ω—Ç—Ä —Å–æ–≤—Ä–µ–º–µ–Ω–Ω–æ–π –∫—É–ª—å—Ç—É—Ä—ã ¬´–°—Ç–µ–ø—å¬ª —Å—Ç–∞–Ω–µ—Ç –æ–¥–Ω–æ–π –∏–∑ –≥–ª–∞–≤–Ω—ã—Ö —Ç–æ—á–µ–∫ –ø—Ä–∏—Ç—è–∂–µ–Ω–∏—è —Ä–æ—Å—Ç–æ–≤—á–∞–Ω –∏ –≥–æ—Å—Ç–µ–π –≥–æ—Ä–æ–¥–∞, –æ—Ç–∫—Ä—ã–≤–∞—è —Å–≤–æ–∏–º –ø–æ—Å–µ—Ç–∏—Ç–µ–ª—è–º —Å–∏–ª—É –≤–∑–∞–∏–º–æ–¥–µ–π—Å—Ç–≤–∏—è –º—É–∑—ã–∫–∏, –¥—Ä–∞–º–∞—Ç—É—Ä–≥–∏–∏ –∏, –≤ —Ü–µ–ª–æ–º, –ø–æ—Ç–µ–Ω—Ü–∏–∞–ª –≤–ª–∏—è–Ω–∏—è –∏—Å–∫—É—Å—Å—Ç–≤–∞ –Ω–∞ –º–∏—Ä.",0,2.0,vk,0,8,2,247,1234,1,2022,9,4,7
